# Smoke Test Failure — attempt 3 — 2026-09-13T08:08:18.705047051
Failed gate: boot

== Gate report ==
FAIL boot — app not healthy within 120s — last: ConnectException

== Container logs (tail 2000 lines) ==
db-1  | The files belonging to this database system will be owned by user "postgres".
db-1  | This user must also own the server process.
db-1  | 
db-1  | The database cluster will be initialized with locale "en_US.utf8".
db-1  | The default database encoding has accordingly been set to "UTF8".
db-1  | The default text search configuration will be set to "english".
db-1  | 
db-1  | Data page checksums are disabled.
db-1  | 
db-1  | fixing permissions on existing directory /var/lib/postgresql/data ... ok
db-1  | creating subdirectories ... ok
db-1  | selecting dynamic shared memory implementation ... posix
db-1  | selecting default max_connections ... 100
db-1  | selecting default shared_buffers ... 128MB
db-1  | selecting default time zone ... UTC
db-1  | creating configuration files ... ok
db-1  | running bootstrap script ... ok
db-1  | sh: locale: not found
db-1  | 2026-09-13 08:06:06.743 UTC [35] WARNING:  no usable system locales were found
db-1  | performing post-bootstrap initialization ... ok
db-1  | syncing data to disk ... ok
db-1  | 
db-1  | 
db-1  | Success. You can now start the database server using:
db-1  | 
db-1  |     pg_ctl -D /var/lib/postgresql/data -l logfile start
db-1  | 
db-1  | initdb: warning: enabling "trust" authentication for local connections
db-1  | initdb: hint: You can change this by editing pg_hba.conf or using the option -A, or --auth-local and --auth-host, the next time you run initdb.
db-1  | waiting for server to start....2026-09-13 08:06:07.025 UTC [41] LOG:  starting PostgreSQL 16.15 on aarch64-unknown-linux-musl, compiled by gcc (Alpine 15.2.0) 15.2.0, 64-bit
db-1  | 2026-09-13 08:06:07.026 UTC [41] LOG:  listening on Unix socket "/var/run/postgresql/.s.PGSQL.5432"
db-1  | 2026-09-13 08:06:07.028 UTC [44] LOG:  database system was shut down at 2026-09-13 08:06:06 UTC
db-1  | 2026-09-13 08:06:07.030 UTC [41] LOG:  database system is ready to accept connections
db-1  |  done
db-1  | server started
db-1  | CREATE DATABASE
db-1  | 
db-1  | 
db-1  | /usr/local/bin/docker-entrypoint.sh: ignoring /docker-entrypoint-initdb.d/*
db-1  | 
db-1  | waiting for server to shut down....2026-09-13 08:06:07.141 UTC [41] LOG:  received fast shutdown request
db-1  | 2026-09-13 08:06:07.142 UTC [41] LOG:  aborting any active transactions
db-1  | 2026-09-13 08:06:07.143 UTC [41] LOG:  background worker "logical replication launcher" (PID 47) exited with exit code 1
db-1  | 2026-09-13 08:06:07.143 UTC [42] LOG:  shutting down
db-1  | 2026-09-13 08:06:07.143 UTC [42] LOG:  checkpoint starting: shutdown immediate
db-1  | 2026-09-13 08:06:07.160 UTC [42] LOG:  checkpoint complete: wrote 926 buffers (5.7%); 0 WAL file(s) added, 0 removed, 0 recycled; write=0.006 s, sync=0.010 s, total=0.018 s; sync files=301, longest=0.003 s, average=0.001 s; distance=4283 kB, estimate=4283 kB; lsn=0/1925D20, redo lsn=0/1925D20
db-1  | 2026-09-13 08:06:07.162 UTC [41] LOG:  database system is shut down
db-1  |  done
db-1  | server stopped
db-1  | 
db-1  | PostgreSQL init process complete; ready for start up.
db-1  | 
db-1  | 2026-09-13 08:06:07.257 UTC [1] LOG:  starting PostgreSQL 16.15 on aarch64-unknown-linux-musl, compiled by gcc (Alpine 15.2.0) 15.2.0, 64-bit
db-1  | 2026-09-13 08:06:07.257 UTC [1] LOG:  listening on IPv4 address "0.0.0.0", port 5432
db-1  | 2026-09-13 08:06:07.257 UTC [1] LOG:  listening on IPv6 address "::", port 5432
db-1  | 2026-09-13 08:06:07.258 UTC [1] LOG:  listening on Unix socket "/var/run/postgresql/.s.PGSQL.5432"
db-1  | 2026-09-13 08:06:07.260 UTC [57] LOG:  database system was shut down at 2026-09-13 08:06:07 UTC
db-1  | 2026-09-13 08:06:07.262 UTC [1] LOG:  database system is ready to accept connections
app-1  | 2026-09-13T08:06:18.397Z  INFO 1 --- [prakashstores] [           main] o.s.boot.tomcat.TomcatWebServer          : Tomcat initialized with port 8080 (http)
app-1  | 2026-09-13T08:06:18.404Z  INFO 1 --- [prakashstores] [           main] o.apache.catalina.core.StandardService   : Starting service [Tomcat]
app-1  | 2026-09-13T08:06:18.404Z  INFO 1 --- [prakashstores] [           main] o.apache.catalina.core.StandardEngine    : Starting Servlet engine: [Apache Tomcat/11.0.22]
app-1  | 2026-09-13T08:06:18.417Z  INFO 1 --- [prakashstores] [           main] b.w.c.s.WebApplicationContextInitializer : Root WebApplicationContext: initialization completed in 800 ms
app-1  | 2026-09-13T08:06:18.551Z  INFO 1 --- [prakashstores] [           main] org.hibernate.orm.jpa                    : HHH008540: Processing PersistenceUnitInfo [name: default]
app-1  | 2026-09-13T08:06:18.574Z  INFO 1 --- [prakashstores] [           main] org.hibernate.orm.core                   : HHH000001: Hibernate ORM core version 7.4.1.Final
app-1  | 2026-09-13T08:06:18.770Z  INFO 1 --- [prakashstores] [           main] o.s.o.j.p.SpringPersistenceUnitInfo      : No LoadTimeWeaver setup: ignoring JPA class transformer
app-1  | 2026-09-13T08:06:18.784Z  INFO 1 --- [prakashstores] [           main] com.zaxxer.hikari.HikariDataSource       : HikariPool-1 - Starting...
app-1  | 2026-09-13T08:06:18.893Z  INFO 1 --- [prakashstores] [           main] com.zaxxer.hikari.pool.HikariPool        : HikariPool-1 - Added connection org.postgresql.jdbc.PgConnection@19d9ba89
app-1  | 2026-09-13T08:06:18.894Z  INFO 1 --- [prakashstores] [           main] com.zaxxer.hikari.HikariDataSource       : HikariPool-1 - Start completed.
app-1  | 2026-09-13T08:06:18.907Z  WARN 1 --- [prakashstores] [           main] org.hibernate.orm.deprecation            : HHH90000025: PostgreSQLDialect does not need to be specified explicitly using 'hibernate.dialect' (remove the property setting and it will be selected by default)
app-1  | 2026-09-13T08:06:18.917Z  INFO 1 --- [prakashstores] [           main] org.hibernate.orm.connections.pooling    : HHH10001005: Database info:
app-1  | 	Database JDBC URL [jdbc:postgresql://db:5432/prakashstores]
app-1  | 	Database driver: PostgreSQL JDBC Driver
app-1  | 	Database dialect: PostgreSQLDialect
app-1  | 	Database version: 16.15
app-1  | 	Default catalog/schema: prakashstores/public
app-1  | 	Autocommit mode: undefined/unknown
app-1  | 	Isolation level: READ_COMMITTED [default READ_COMMITTED]
app-1  | 	JDBC fetch size: none
app-1  | 	Pool: DataSourceConnectionProvider
app-1  | 	Minimum pool size: undefined/unknown
app-1  | 	Maximum pool size: undefined/unknown
app-1  | 2026-09-13T08:06:19.467Z  INFO 1 --- [prakashstores] [           main] org.hibernate.orm.core                   : HHH000489: No JTA platform available (set 'hibernate.transaction.jta.platform' to enable JTA platform integration)
app-1  | 2026-09-13T08:06:19.516Z  WARN 1 --- [prakashstores] [           main] org.hibernate.orm.jdbc.warn              : HHH000247: ErrorCode: 0, SQLState: 00000
app-1  | 2026-09-13T08:06:19.516Z  WARN 1 --- [prakashstores] [           main] org.hibernate.orm.jdbc.warn              : constraint "ukk11y3pdtsrjgy8w9b6q4bjwrx" of relation "_user" does not exist, skipping
app-1  | 2026-09-13T08:06:19.517Z  WARN 1 --- [prakashstores] [           main] org.hibernate.orm.jdbc.warn              : HHH000247: ErrorCode: 0, SQLState: 00000
app-1  | 2026-09-13T08:06:19.517Z  WARN 1 --- [prakashstores] [           main] org.hibernate.orm.jdbc.warn              : constraint "uksmv6iv0phvugvruh5upf10h08" of relation "_user" does not exist, skipping
app-1  | 2026-09-13T08:06:19.522Z  INFO 1 --- [prakashstores] [           main] j.LocalContainerEntityManagerFactoryBean : Initialized JPA EntityManagerFactory for persistence unit 'default'
app-1  | 2026-09-13T08:06:19.552Z  INFO 1 --- [prakashstores] [           main] o.s.d.j.r.query.QueryEnhancerFactories   : Hibernate is in classpath; If applicable, HQL parser will be used.
app-1  | 2026-09-13T08:06:19.640Z  INFO 1 --- [prakashstores] [           main] eAuthenticationProviderManagerConfigurer : Global AuthenticationManager configured with AuthenticationProvider bean with name authenticationProvider
app-1  | 2026-09-13T08:06:19.641Z  WARN 1 --- [prakashstores] [           main] r$InitializeUserDetailsManagerConfigurer : Global AuthenticationManager configured with an AuthenticationProvider bean. UserDetailsService beans will not be used by Spring Security for automatically configuring username/password login. Consider removing the AuthenticationProvider bean. Alternatively, consider using the UserDetailsService in a manually instantiated DaoAuthenticationProvider. If the current configuration is intentional, to turn off this warning, increase the logging level of 'org.springframework.security.config.annotation.authentication.configuration.InitializeUserDetailsBeanManagerConfigurer' to ERROR
app-1  | 2026-09-13T08:06:20.652Z  WARN 1 --- [prakashstores] [           main] ConfigServletWebServerApplicationContext : Exception encountered during context initialization - cancelling refresh attempt: org.springframework.beans.factory.UnsatisfiedDependencyException: Error creating bean with name 'galleryController' defined in URL [jar:nested:/app/app.jar/!BOOT-INF/classes/!/com/prakashstores/controller/GalleryController.class]: Unsatisfied dependency expressed through constructor parameter 0: Error creating bean with name 'mediaAssetService' defined in URL [jar:nested:/app/app.jar/!BOOT-INF/classes/!/com/prakashstores/service/MediaAssetService.class]: Unsatisfied dependency expressed through constructor parameter 1: Error creating bean with name 'minioStorageService': Invocation of init method failed
app-1  | 2026-09-13T08:06:20.653Z  INFO 1 --- [prakashstores] [           main] j.LocalContainerEntityManagerFactoryBean : Closing JPA EntityManagerFactory for persistence unit 'default'
app-1  | 2026-09-13T08:06:20.657Z  INFO 1 --- [prakashstores] [           main] com.zaxxer.hikari.HikariDataSource       : HikariPool-1 - Shutdown initiated...
app-1  | 2026-09-13T08:06:20.662Z  INFO 1 --- [prakashstores] [           main] com.zaxxer.hikari.HikariDataSource       : HikariPool-1 - Shutdown completed.
app-1  | 2026-09-13T08:06:20.663Z  INFO 1 --- [prakashstores] [           main] o.apache.catalina.core.StandardService   : Stopping service [Tomcat]
app-1  | 2026-09-13T08:06:20.671Z  INFO 1 --- [prakashstores] [           main] .s.b.a.l.ConditionEvaluationReportLogger : 
app-1  | 
app-1  | Error starting ApplicationContext. To display the condition evaluation report re-run your application with 'debug' enabled.
app-1  | 2026-09-13T08:06:20.680Z ERROR 1 --- [prakashstores] [           main] o.s.boot.SpringApplication               : Application run failed
app-1  | 
app-1  | org.springframework.beans.factory.UnsatisfiedDependencyException: Error creating bean with name 'galleryController' defined in URL [jar:nested:/app/app.jar/!BOOT-INF/classes/!/com/prakashstores/controller/GalleryController.class]: Unsatisfied dependency expressed through constructor parameter 0: Error creating bean with name 'mediaAssetService' defined in URL [jar:nested:/app/app.jar/!BOOT-INF/classes/!/com/prakashstores/service/MediaAssetService.class]: Unsatisfied dependency expressed through constructor parameter 1: Error creating bean with name 'minioStorageService': Invocation of init method failed
app-1  | 	at org.springframework.beans.factory.support.ConstructorResolver.createArgumentArray(ConstructorResolver.java:804) ~[spring-beans-7.0.8.jar!/:7.0.8]
app-1  | 	at org.springframework.beans.factory.support.ConstructorResolver.autowireConstructor(ConstructorResolver.java:240) ~[spring-beans-7.0.8.jar!/:7.0.8]
app-1  | 	at org.springframework.beans.factory.support.AbstractAutowireCapableBeanFactory.autowireConstructor(AbstractAutowireCapableBeanFactory.java:1380) ~[spring-beans-7.0.8.jar!/:7.0.8]
app-1  | 	at org.springframework.beans.factory.support.AbstractAutowireCapableBeanFactory.createBeanInstance(AbstractAutowireCapableBeanFactory.java:1219) ~[spring-beans-7.0.8.jar!/:7.0.8]
app-1  | 	at org.springframework.beans.factory.support.AbstractAutowireCapableBeanFactory.doCreateBean(AbstractAutowireCapableBeanFactory.java:565) ~[spring-beans-7.0.8.jar!/:7.0.8]
app-1  | 	at org.springframework.beans.factory.support.AbstractAutowireCapableBeanFactory.createBean(AbstractAutowireCapableBeanFactory.java:525) ~[spring-beans-7.0.8.jar!/:7.0.8]
app-1  | 	at org.springframework.beans.factory.support.AbstractBeanFactory.lambda$doGetBean$0(AbstractBeanFactory.java:333) ~[spring-beans-7.0.8.jar!/:7.0.8]
app-1  | 	at org.springframework.beans.factory.support.DefaultSingletonBeanRegistry.getSingleton(DefaultSingletonBeanRegistry.java:371) ~[spring-beans-7.0.8.jar!/:7.0.8]
app-1  | 	at org.springframework.beans.factory.support.AbstractBeanFactory.doGetBean(AbstractBeanFactory.java:331) ~[spring-beans-7.0.8.jar!/:7.0.8]
app-1  | 	at org.springframework.beans.factory.support.AbstractBeanFactory.getBean(AbstractBeanFactory.java:196) ~[spring-beans-7.0.8.jar!/:7.0.8]
app-1  | 	at org.springframework.beans.factory.support.DefaultListableBeanFactory.instantiateSingleton(DefaultListableBeanFactory.java:1225) ~[spring-beans-7.0.8.jar!/:7.0.8]
app-1  | 	at org.springframework.beans.factory.support.DefaultListableBeanFactory.preInstantiateSingleton(DefaultListableBeanFactory.java:1191) ~[spring-beans-7.0.8.jar!/:7.0.8]
app-1  | 	at org.springframework.beans.factory.support.DefaultListableBeanFactory.preInstantiateSingletons(DefaultListableBeanFactory.java:1121) ~[spring-beans-7.0.8.jar!/:7.0.8]
app-1  | 	at org.springframework.context.support.AbstractApplicationContext.finishBeanFactoryInitialization(AbstractApplicationContext.java:994) ~[spring-context-7.0.8.jar!/:7.0.8]
app-1  | 	at org.springframework.context.support.AbstractApplicationContext.refresh(AbstractApplicationContext.java:621) ~[spring-context-7.0.8.jar!/:7.0.8]
app-1  | 	at org.springframework.boot.web.server.servlet.context.ServletWebServerApplicationContext.refresh(ServletWebServerApplicationContext.java:143) ~[spring-boot-web-server-4.1.0.jar!/:4.1.0]
app-1  | 	at org.springframework.boot.SpringApplication.refresh(SpringApplication.java:756) ~[spring-boot-4.1.0.jar!/:4.1.0]
app-1  | 	at org.springframework.boot.SpringApplication.refreshContext(SpringApplication.java:445) ~[spring-boot-4.1.0.jar!/:4.1.0]
app-1  | 	at org.springframework.boot.SpringApplication.run(SpringApplication.java:321) ~[spring-boot-4.1.0.jar!/:4.1.0]
app-1  | 	at org.springframework.boot.SpringApplication.run(SpringApplication.java:1365) ~[spring-boot-4.1.0.jar!/:4.1.0]
app-1  | 	at org.springframework.boot.SpringApplication.run(SpringApplication.java:1354) ~[spring-boot-4.1.0.jar!/:4.1.0]
app-1  | 	at com.prakashstores.PrakashStoresApplication.main(PrakashStoresApplication.java:9) ~[!/:0.0.1-SNAPSHOT]
app-1  | 	at java.base/jdk.internal.reflect.NativeMethodAccessorImpl.invoke0(Native Method) ~[na:na]
app-1  | 	at java.base/jdk.internal.reflect.NativeMethodAccessorImpl.invoke(Unknown Source) ~[na:na]
app-1  | 	at java.base/jdk.internal.reflect.DelegatingMethodAccessorImpl.invoke(Unknown Source) ~[na:na]
app-1  | 	at java.base/java.lang.reflect.Method.invoke(Unknown Source) ~[na:na]
app-1  | 	at org.springframework.boot.loader.launch.Launcher.launch(Launcher.java:106) ~[app.jar:0.0.1-SNAPSHOT]
app-1  | 	at org.springframework.boot.loader.launch.Launcher.launch(Launcher.java:64) ~[app.jar:0.0.1-SNAPSHOT]
app-1  | 	at org.springframework.boot.loader.launch.JarLauncher.main(JarLauncher.java:40) ~[app.jar:0.0.1-SNAPSHOT]
app-1  | Caused by: org.springframework.beans.factory.UnsatisfiedDependencyException: Error creating bean with name 'mediaAssetService' defined in URL [jar:nested:/app/app.jar/!BOOT-INF/classes/!/com/prakashstores/service/MediaAssetService.class]: Unsatisfied dependency expressed through constructor parameter 1: Error creating bean with name 'minioStorageService': Invocation of init method failed
app-1  | 	at org.springframework.beans.factory.support.ConstructorResolver.createArgumentArray(ConstructorResolver.java:804) ~[spring-beans-7.0.8.jar!/:7.0.8]
app-1  | 	at org.springframework.beans.factory.support.ConstructorResolver.autowireConstructor(ConstructorResolver.java:240) ~[spring-beans-7.0.8.jar!/:7.0.8]
app-1  | 	at org.springframework.beans.factory.support.AbstractAutowireCapableBeanFactory.autowireConstructor(AbstractAutowireCapableBeanFactory.java:1380) ~[spring-beans-7.0.8.jar!/:7.0.8]
app-1  | 	at org.springframework.beans.factory.support.AbstractAutowireCapableBeanFactory.createBeanInstance(AbstractAutowireCapableBeanFactory.java:1219) ~[spring-beans-7.0.8.jar!/:7.0.8]
app-1  | 	at org.springframework.beans.factory.support.AbstractAutowireCapableBeanFactory.doCreateBean(AbstractAutowireCapableBeanFactory.java:565) ~[spring-beans-7.0.8.jar!/:7.0.8]
app-1  | 	at org.springframework.beans.factory.support.AbstractAutowireCapableBeanFactory.createBean(AbstractAutowireCapableBeanFactory.java:525) ~[spring-beans-7.0.8.jar!/:7.0.8]
app-1  | 	at org.springframework.beans.factory.support.AbstractBeanFactory.lambda$doGetBean$0(AbstractBeanFactory.java:333) ~[spring-beans-7.0.8.jar!/:7.0.8]
app-1  | 	at org.springframework.beans.factory.support.DefaultSingletonBeanRegistry.getSingleton(DefaultSingletonBeanRegistry.java:371) ~[spring-beans-7.0.8.jar!/:7.0.8]
app-1  | 	at org.springframework.beans.factory.support.AbstractBeanFactory.doGetBean(AbstractBeanFactory.java:331) ~[spring-beans-7.0.8.jar!/:7.0.8]
app-1  | 	at org.springframework.beans.factory.support.AbstractBeanFactory.getBean(AbstractBeanFactory.java:201) ~[spring-beans-7.0.8.jar!/:7.0.8]
app-1  | 	at org.springframework.beans.factory.support.DefaultListableBeanFactory.resolveBean(DefaultListableBeanFactory.java:1232) ~[spring-beans-7.0.8.jar!/:7.0.8]
app-1  | 	at org.springframework.beans.factory.support.DefaultListableBeanFactory.doResolveDependency(DefaultListableBeanFactory.java:1711) ~[spring-beans-7.0.8.jar!/:7.0.8]
app-1  | 	at org.springframework.beans.factory.support.DefaultListableBeanFactory.resolveDependency(DefaultListableBeanFactory.java:1658) ~[spring-beans-7.0.8.jar!/:7.0.8]
app-1  | 	at org.springframework.beans.factory.support.ConstructorResolver.resolveAutowiredArgument(ConstructorResolver.java:912) ~[spring-beans-7.0.8.jar!/:7.0.8]
app-1  | 	at org.springframework.beans.factory.support.ConstructorResolver.createArgumentArray(ConstructorResolver.java:791) ~[spring-beans-7.0.8.jar!/:7.0.8]
app-1  | 	... 28 common frames omitted
app-1  | Caused by: org.springframework.beans.factory.BeanCreationException: Error creating bean with name 'minioStorageService': Invocation of init method failed
app-1  | 	at org.springframework.beans.factory.annotation.InitDestroyAnnotationBeanPostProcessor.postProcessBeforeInitialization(InitDestroyAnnotationBeanPostProcessor.java:220) ~[spring-beans-7.0.8.jar!/:7.0.8]
app-1  | 	at org.springframework.beans.factory.support.AbstractAutowireCapableBeanFactory.applyBeanPostProcessorsBeforeInitialization(AbstractAutowireCapableBeanFactory.java:426) ~[spring-beans-7.0.8.jar!/:7.0.8]
app-1  | 	at org.springframework.beans.factory.support.AbstractAutowireCapableBeanFactory.initializeBean(AbstractAutowireCapableBeanFactory.java:1807) ~[spring-beans-7.0.8.jar!/:7.0.8]
app-1  | 	at org.springframework.beans.factory.support.AbstractAutowireCapableBeanFactory.doCreateBean(AbstractAutowireCapableBeanFactory.java:603) ~[spring-beans-7.0.8.jar!/:7.0.8]
app-1  | 	at org.springframework.beans.factory.support.AbstractAutowireCapableBeanFactory.createBean(AbstractAutowireCapableBeanFactory.java:525) ~[spring-beans-7.0.8.jar!/:7.0.8]
app-1  | 	at org.springframework.beans.factory.support.AbstractBeanFactory.lambda$doGetBean$0(AbstractBeanFactory.java:333) ~[spring-beans-7.0.8.jar!/:7.0.8]
app-1  | 	at org.springframework.beans.factory.support.DefaultSingletonBeanRegistry.getSingleton(DefaultSingletonBeanRegistry.java:371) ~[spring-beans-7.0.8.jar!/:7.0.8]
app-1  | 	at org.springframework.beans.factory.support.AbstractBeanFactory.doGetBean(AbstractBeanFactory.java:331) ~[spring-beans-7.0.8.jar!/:7.0.8]
app-1  | 	at org.springframework.beans.factory.support.AbstractBeanFactory.getBean(AbstractBeanFactory.java:201) ~[spring-beans-7.0.8.jar!/:7.0.8]
app-1  | 	at org.springframework.beans.factory.config.DependencyDescriptor.resolveCandidate(DependencyDescriptor.java:229) ~[spring-beans-7.0.8.jar!/:7.0.8]
app-1  | 	at org.springframework.beans.factory.support.DefaultListableBeanFactory.doResolveDependency(DefaultListableBeanFactory.java:1769) ~[spring-beans-7.0.8.jar!/:7.0.8]
app-1  | 	at org.springframework.beans.factory.support.DefaultListableBeanFactory.resolveDependency(DefaultListableBeanFactory.java:1658) ~[spring-beans-7.0.8.jar!/:7.0.8]
app-1  | 	at org.springframework.beans.factory.support.ConstructorResolver.resolveAutowiredArgument(ConstructorResolver.java:912) ~[spring-beans-7.0.8.jar!/:7.0.8]
app-1  | 	at org.springframework.beans.factory.support.ConstructorResolver.createArgumentArray(ConstructorResolver.java:791) ~[spring-beans-7.0.8.jar!/:7.0.8]
app-1  | 	... 42 common frames omitted
app-1  | Caused by: software.amazon.awssdk.core.exception.SdkClientException: Received an UnknownHostException when attempting to interact with a service. See cause for the exact endpoint that is failing to resolve. If this is happening on an endpoint that previously worked, there may be a network connectivity issue or your DNS cache could be storing endpoints for too long.
app-1  | 	at software.amazon.awssdk.core.exception.SdkClientException$BuilderImpl.build(SdkClientException.java:130) ~[sdk-core-2.31.6.jar!/:na]
app-1  | 	at software.amazon.awssdk.awscore.interceptor.HelpfulUnknownHostExceptionInterceptor.modifyException(HelpfulUnknownHostExceptionInterceptor.java:59) ~[aws-core-2.31.6.jar!/:na]
app-1  | 	at software.amazon.awssdk.core.interceptor.ExecutionInterceptorChain.modifyException(ExecutionInterceptorChain.java:181) ~[sdk-core-2.31.6.jar!/:na]
app-1  | 	at software.amazon.awssdk.core.internal.http.pipeline.stages.utils.ExceptionReportingUtils.runModifyException(ExceptionReportingUtils.java:54) ~[sdk-core-2.31.6.jar!/:na]
app-1  | 	at software.amazon.awssdk.core.internal.http.pipeline.stages.utils.ExceptionReportingUtils.reportFailureToInterceptors(ExceptionReportingUtils.java:38) ~[sdk-core-2.31.6.jar!/:na]
app-1  | 	at software.amazon.awssdk.core.internal.http.pipeline.stages.ExecutionFailureExceptionReportingStage.execute(ExecutionFailureExceptionReportingStage.java:39) ~[sdk-core-2.31.6.jar!/:na]
app-1  | 	at software.amazon.awssdk.core.internal.http.pipeline.stages.ExecutionFailureExceptionReportingStage.execute(ExecutionFailureExceptionReportingStage.java:26) ~[sdk-core-2.31.6.jar!/:na]
app-1  | 	at software.amazon.awssdk.core.internal.http.AmazonSyncHttpClient$RequestExecutionBuilderImpl.execute(AmazonSyncHttpClient.java:210) ~[sdk-core-2.31.6.jar!/:na]
app-1  | 	at software.amazon.awssdk.core.internal.handler.BaseSyncClientHandler.invoke(BaseSyncClientHandler.java:103) ~[sdk-core-2.31.6.jar!/:na]
app-1  | 	at software.amazon.awssdk.core.internal.handler.BaseSyncClientHandler.doExecute(BaseSyncClientHandler.java:173) ~[sdk-core-2.31.6.jar!/:na]
app-1  | 	at software.amazon.awssdk.core.internal.handler.BaseSyncClientHandler.lambda$execute$1(BaseSyncClientHandler.java:80) ~[sdk-core-2.31.6.jar!/:na]
app-1  | 	at software.amazon.awssdk.core.internal.handler.BaseSyncClientHandler.measureApiCallSuccess(BaseSyncClientHandler.java:182) ~[sdk-core-2.31.6.jar!/:na]
app-1  | 	at software.amazon.awssdk.core.internal.handler.BaseSyncClientHandler.execute(BaseSyncClientHandler.java:74) ~[sdk-core-2.31.6.jar!/:na]
app-1  | 	at software.amazon.awssdk.core.client.handler.SdkSyncClientHandler.execute(SdkSyncClientHandler.java:45) ~[sdk-core-2.31.6.jar!/:na]
app-1  | 	at software.amazon.awssdk.awscore.client.handler.AwsSyncClientHandler.execute(AwsSyncClientHandler.java:53) ~[aws-core-2.31.6.jar!/:na]
app-1  | 	at software.amazon.awssdk.services.s3.DefaultS3Client.headBucket(DefaultS3Client.java:6818) ~[s3-2.31.6.jar!/:na]
app-1  | 	at software.amazon.awssdk.services.s3.S3Client.headBucket(S3Client.java:12933) ~[s3-2.31.6.jar!/:na]
app-1  | 	at com.prakashstores.storage.MinioStorageService.ensureBucket(MinioStorageService.java:40) ~[!/:0.0.1-SNAPSHOT]
app-1  | 	at java.base/jdk.internal.reflect.NativeMethodAccessorImpl.invoke0(Native Method) ~[na:na]
app-1  | 	at java.base/jdk.internal.reflect.NativeMethodAccessorImpl.invoke(Unknown Source) ~[na:na]
app-1  | 	at java.base/jdk.internal.reflect.DelegatingMethodAccessorImpl.invoke(Unknown Source) ~[na:na]
app-1  | 	at java.base/java.lang.reflect.Method.invoke(Unknown Source) ~[na:na]
app-1  | 	at org.springframework.beans.factory.annotation.InitDestroyAnnotationBeanPostProcessor$LifecycleMethod.invoke(InitDestroyAnnotationBeanPostProcessor.java:453) ~[spring-beans-7.0.8.jar!/:7.0.8]
app-1  | 	at org.springframework.beans.factory.annotation.InitDestroyAnnotationBeanPostProcessor$LifecycleMetadata.invokeInitMethods(InitDestroyAnnotationBeanPostProcessor.java:397) ~[spring-beans-7.0.8.jar!/:7.0.8]
app-1  | 	at org.springframework.beans.factory.annotation.InitDestroyAnnotationBeanPostProcessor.postProcessBeforeInitialization(InitDestroyAnnotationBeanPostProcessor.java:217) ~[spring-beans-7.0.8.jar!/:7.0.8]
app-1  | 	... 55 common frames omitted
app-1  | Caused by: software.amazon.awssdk.core.exception.SdkClientException: Unable to execute HTTP request: minio (SDK Attempt Count: 4)
app-1  | 	at software.amazon.awssdk.core.exception.SdkClientException$BuilderImpl.build(SdkClientException.java:130) ~[sdk-core-2.31.6.jar!/:na]
app-1  | 	at software.amazon.awssdk.core.exception.SdkClientException$BuilderImpl.build(SdkClientException.java:95) ~[sdk-core-2.31.6.jar!/:na]
app-1  | 	at software.amazon.awssdk.core.internal.http.pipeline.stages.utils.RetryableStageHelper.retryPolicyDisallowedRetryException(RetryableStageHelper.java:168) ~[sdk-core-2.31.6.jar!/:na]
app-1  | 	at software.amazon.awssdk.core.internal.http.pipeline.stages.RetryableStage.execute(RetryableStage.java:73) ~[sdk-core-2.31.6.jar!/:na]
app-1  | 	at software.amazon.awssdk.core.internal.http.pipeline.stages.RetryableStage.execute(RetryableStage.java:36) ~[sdk-core-2.31.6.jar!/:na]
app-1  | 	at software.amazon.awssdk.core.internal.http.pipeline.RequestPipelineBuilder$ComposingRequestPipelineStage.execute(RequestPipelineBuilder.java:206) ~[sdk-core-2.31.6.jar!/:na]
app-1  | 	at software.amazon.awssdk.core.internal.http.StreamManagingStage.execute(StreamManagingStage.java:53) ~[sdk-core-2.31.6.jar!/:na]
app-1  | 	at software.amazon.awssdk.core.internal.http.StreamManagingStage.execute(StreamManagingStage.java:35) ~[sdk-core-2.31.6.jar!/:na]
app-1  | 	at software.amazon.awssdk.core.internal.http.pipeline.stages.ApiCallTimeoutTrackingStage.executeWithTimer(ApiCallTimeoutTrackingStage.java:82) ~[sdk-core-2.31.6.jar!/:na]
app-1  | 	at software.amazon.awssdk.core.internal.http.pipeline.stages.ApiCallTimeoutTrackingStage.execute(ApiCallTimeoutTrackingStage.java:62) ~[sdk-core-2.31.6.jar!/:na]
app-1  | 	at software.amazon.awssdk.core.internal.http.pipeline.stages.ApiCallTimeoutTrackingStage.execute(ApiCallTimeoutTrackingStage.java:43) ~[sdk-core-2.31.6.jar!/:na]
app-1  | 	at software.amazon.awssdk.core.internal.http.pipeline.stages.ApiCallMetricCollectionStage.execute(ApiCallMetricCollectionStage.java:50) ~[sdk-core-2.31.6.jar!/:na]
app-1  | 	at software.amazon.awssdk.core.internal.http.pipeline.stages.ApiCallMetricCollectionStage.execute(ApiCallMetricCollectionStage.java:32) ~[sdk-core-2.31.6.jar!/:na]
app-1  | 	at software.amazon.awssdk.core.internal.http.pipeline.RequestPipelineBuilder$ComposingRequestPipelineStage.execute(RequestPipelineBuilder.java:206) ~[sdk-core-2.31.6.jar!/:na]
app-1  | 	at software.amazon.awssdk.core.internal.http.pipeline.RequestPipelineBuilder$ComposingRequestPipelineStage.execute(RequestPipelineBuilder.java:206) ~[sdk-core-2.31.6.jar!/:na]
app-1  | 	at software.amazon.awssdk.core.internal.http.pipeline.stages.ExecutionFailureExceptionReportingStage.execute(ExecutionFailureExceptionReportingStage.java:37) ~[sdk-core-2.31.6.jar!/:na]
app-1  | 	... 74 common frames omitted
app-1  | 	Suppressed: software.amazon.awssdk.core.exception.SdkClientException: Request attempt 1 failure: Unable to execute HTTP request: minio: Name or service not known
app-1  | 	Suppressed: software.amazon.awssdk.core.exception.SdkClientException: Request attempt 2 failure: Unable to execute HTTP request: minio
app-1  | 	Suppressed: software.amazon.awssdk.core.exception.SdkClientException: Request attempt 3 failure: Unable to execute HTTP request: minio
app-1  | Caused by: java.net.UnknownHostException: minio
app-1  | 	at java.base/java.net.InetAddress$CachedAddresses.get(Unknown Source) ~[na:na]
app-1  | 	at java.base/java.net.InetAddress.getAllByName0(Unknown Source) ~[na:na]
app-1  | 	at java.base/java.net.InetAddress.getAllByName(Unknown Source) ~[na:na]
app-1  | 	at java.base/java.net.InetAddress.getAllByName(Unknown Source) ~[na:na]
app-1  | 	at org.apache.http.impl.conn.SystemDefaultDnsResolver.resolve(SystemDefaultDnsResolver.java:45) ~[httpclient-4.5.13.jar!/:4.5.13]
app-1  | 	at org.apache.http.impl.conn.DefaultHttpClientConnectionOperator.connect(DefaultHttpClientConnectionOperator.java:112) ~[httpclient-4.5.13.jar!/:4.5.13]
app-1  | 	at org.apache.http.impl.conn.PoolingHttpClientConnectionManager.connect(PoolingHttpClientConnectionManager.java:376) ~[httpclient-4.5.13.jar!/:4.5.13]
app-1  | 	at software.amazon.awssdk.http.apache.internal.conn.ClientConnectionManagerFactory$DelegatingHttpClientConnectionManager.connect(ClientConnectionManagerFactory.java:86) ~[apache-client-2.31.6.jar!/:na]
app-1  | 	at org.apache.http.impl.execchain.MainClientExec.establishRoute(MainClientExec.java:393) ~[httpclient-4.5.13.jar!/:4.5.13]
app-1  | 	at org.apache.http.impl.execchain.MainClientExec.execute(MainClientExec.java:236) ~[httpclient-4.5.13.jar!/:4.5.13]
app-1  | 	at org.apache.http.impl.execchain.ProtocolExec.execute(ProtocolExec.java:186) ~[httpclient-4.5.13.jar!/:4.5.13]
app-1  | 	at org.apache.http.impl.client.InternalHttpClient.doExecute(InternalHttpClient.java:185) ~[httpclient-4.5.13.jar!/:4.5.13]
app-1  | 	at org.apache.http.impl.client.CloseableHttpClient.execute(CloseableHttpClient.java:83) ~[httpclient-4.5.13.jar!/:4.5.13]
app-1  | 	at org.apache.http.impl.client.CloseableHttpClient.execute(CloseableHttpClient.java:56) ~[httpclient-4.5.13.jar!/:4.5.13]
app-1  | 	at software.amazon.awssdk.http.apache.internal.impl.ApacheSdkHttpClient.execute(ApacheSdkHttpClient.java:72) ~[apache-client-2.31.6.jar!/:na]
app-1  | 	at software.amazon.awssdk.http.apache.ApacheHttpClient.execute(ApacheHttpClient.java:259) ~[apache-client-2.31.6.jar!/:na]
app-1  | 	at software.amazon.awssdk.http.apache.ApacheHttpClient.access$600(ApacheHttpClient.java:104) ~[apache-client-2.31.6.jar!/:na]
app-1  | 	at software.amazon.awssdk.http.apache.ApacheHttpClient$1.call(ApacheHttpClient.java:236) ~[apache-client-2.31.6.jar!/:na]
app-1  | 	at software.amazon.awssdk.http.apache.ApacheHttpClient$1.call(ApacheHttpClient.java:233) ~[apache-client-2.31.6.jar!/:na]
app-1  | 	at software.amazon.awssdk.core.internal.util.MetricUtils.measureDurationUnsafe(MetricUtils.java:102) ~[sdk-core-2.31.6.jar!/:na]
app-1  | 	at software.amazon.awssdk.core.internal.http.pipeline.stages.MakeHttpRequestStage.executeHttpRequest(MakeHttpRequestStage.java:88) ~[sdk-core-2.31.6.jar!/:na]
app-1  | 	at software.amazon.awssdk.core.internal.http.pipeline.stages.MakeHttpRequestStage.execute(MakeHttpRequestStage.java:64) ~[sdk-core-2.31.6.jar!/:na]
app-1  | 	at software.amazon.awssdk.core.internal.http.pipeline.stages.MakeHttpRequestStage.execute(MakeHttpRequestStage.java:46) ~[sdk-core-2.31.6.jar!/:na]
app-1  | 	at software.amazon.awssdk.core.internal.http.pipeline.RequestPipelineBuilder$ComposingRequestPipelineStage.execute(RequestPipelineBuilder.java:206) ~[sdk-core-2.31.6.jar!/:na]
app-1  | 	at software.amazon.awssdk.core.internal.http.pipeline.RequestPipelineBuilder$ComposingRequestPipelineStage.execute(RequestPipelineBuilder.java:206) ~[sdk-core-2.31.6.jar!/:na]
app-1  | 	at software.amazon.awssdk.core.internal.http.pipeline.RequestPipelineBuilder$ComposingRequestPipelineStage.execute(RequestPipelineBuilder.java:206) ~[sdk-core-2.31.6.jar!/:na]
app-1  | 	at software.amazon.awssdk.core.internal.http.pipeline.RequestPipelineBuilder$ComposingRequestPipelineStage.execute(RequestPipelineBuilder.java:206) ~[sdk-core-2.31.6.jar!/:na]
app-1  | 	at software.amazon.awssdk.core.internal.http.pipeline.stages.ApiCallAttemptTimeoutTrackingStage.execute(ApiCallAttemptTimeoutTrackingStage.java:74) ~[sdk-core-2.31.6.jar!/:na]
app-1  | 	at software.amazon.awssdk.core.internal.http.pipeline.stages.ApiCallAttemptTimeoutTrackingStage.execute(ApiCallAttemptTimeoutTrackingStage.java:43) ~[sdk-core-2.31.6.jar!/:na]
app-1  | 	at software.amazon.awssdk.core.internal.http.pipeline.stages.TimeoutExceptionHandlingStage.execute(TimeoutExceptionHandlingStage.java:79) ~[sdk-core-2.31.6.jar!/:na]
app-1  | 	at software.amazon.awssdk.core.internal.http.pipeline.stages.TimeoutExceptionHandlingStage.execute(TimeoutExceptionHandlingStage.java:41) ~[sdk-core-2.31.6.jar!/:na]
app-1  | 	at software.amazon.awssdk.core.internal.http.pipeline.stages.ApiCallAttemptMetricCollectionStage.execute(ApiCallAttemptMetricCollectionStage.java:55) ~[sdk-core-2.31.6.jar!/:na]
app-1  | 	at software.amazon.awssdk.core.internal.http.pipeline.stages.ApiCallAttemptMetricCollectionStage.execute(ApiCallAttemptMetricCollectionStage.java:39) ~[sdk-core-2.31.6.jar!/:na]
app-1  | 	at software.amazon.awssdk.core.internal.http.pipeline.stages.RetryableStage.executeRequest(RetryableStage.java:93) ~[sdk-core-2.31.6.jar!/:na]
app-1  | 	at software.amazon.awssdk.core.internal.http.pipeline.stages.RetryableStage.execute(RetryableStage.java:56) ~[sdk-core-2.31.6.jar!/:na]
app-1  | 	... 86 common frames omitted
app-1  | 
app-1  | 
app-1  |   .   ____          _            __ _ _
app-1  |  /\\ / ___'_ __ _ _(_)_ __  __ _ \ \ \ \
app-1  | ( ( )\___ | '_ | '_| | '_ \/ _` | \ \ \ \
app-1  |  \\/  ___)| |_)| | | | | || (_| |  ) ) ) )
app-1  |   '  |____| .__|_| |_|_| |_\__, | / / / /
app-1  |  =========|_|==============|___/=/_/_/_/
app-1  | 
app-1  |  :: Spring Boot ::                (v4.1.0)
app-1  | 
app-1  | 2026-09-13T08:06:21.460Z  INFO 1 --- [prakashstores] [           main] c.p.PrakashStoresApplication             : Starting PrakashStoresApplication v0.0.1-SNAPSHOT using Java 17.0.19 with PID 1 (/app/app.jar started by app in /app)
app-1  | 2026-09-13T08:06:21.462Z  INFO 1 --- [prakashstores] [           main] c.p.PrakashStoresApplication             : No active profile set, falling back to 1 default profile: "default"
app-1  | 2026-09-13T08:06:21.887Z  INFO 1 --- [prakashstores] [           main] .s.d.r.c.RepositoryConfigurationDelegate : Bootstrapping Spring Data JPA repositories in DEFAULT mode.
app-1  | 2026-09-13T08:06:21.916Z  INFO 1 --- [prakashstores] [           main] .s.d.r.c.RepositoryConfigurationDelegate : Finished Spring Data repository scanning in 23 ms. Found 12 JPA repository interfaces.
app-1  | 2026-09-13T08:06:22.225Z  INFO 1 --- [prakashstores] [           main] o.s.boot.tomcat.TomcatWebServer          : Tomcat initialized with port 8080 (http)
app-1  | 2026-09-13T08:06:22.234Z  INFO 1 --- [prakashstores] [           main] o.apache.catalina.core.StandardService   : Starting service [Tomcat]
app-1  | 2026-09-13T08:06:22.234Z  INFO 1 --- [prakashstores] [           main] o.apache.catalina.core.StandardEngine    : Starting Servlet engine: [Apache Tomcat/11.0.22]
app-1  | 2026-09-13T08:06:22.246Z  INFO 1 --- [prakashstores] [           main] b.w.c.s.WebApplicationContextInitializer : Root WebApplicationContext: initialization completed in 766 ms
app-1  | 2026-09-13T08:06:22.391Z  INFO 1 --- [prakashstores] [           main] org.hibernate.orm.jpa                    : HHH008540: Processing PersistenceUnitInfo [name: default]
app-1  | 2026-09-13T08:06:22.415Z  INFO 1 --- [prakashstores] [           main] org.hibernate.orm.core                   : HHH000001: Hibernate ORM core version 7.4.1.Final
app-1  | 2026-09-13T08:06:22.604Z  INFO 1 --- [prakashstores] [           main] o.s.o.j.p.SpringPersistenceUnitInfo      : No LoadTimeWeaver setup: ignoring JPA class transformer
app-1  | 2026-09-13T08:06:22.618Z  INFO 1 --- [prakashstores] [           main] com.zaxxer.hikari.HikariDataSource       : HikariPool-1 - Starting...
app-1  | 2026-09-13T08:06:22.714Z  INFO 1 --- [prakashstores] [           main] com.zaxxer.hikari.pool.HikariPool        : HikariPool-1 - Added connection org.postgresql.jdbc.PgConnection@8d7718e
app-1  | 2026-09-13T08:06:22.714Z  INFO 1 --- [prakashstores] [           main] com.zaxxer.hikari.HikariDataSource       : HikariPool-1 - Start completed.
app-1  | 2026-09-13T08:06:22.729Z  WARN 1 --- [prakashstores] [           main] org.hibernate.orm.deprecation            : HHH90000025: PostgreSQLDialect does not need to be specified explicitly using 'hibernate.dialect' (remove the property setting and it will be selected by default)
app-1  | 2026-09-13T08:06:22.739Z  INFO 1 --- [prakashstores] [           main] org.hibernate.orm.connections.pooling    : HHH10001005: Database info:
app-1  | 	Database JDBC URL [jdbc:postgresql://db:5432/prakashstores]
app-1  | 	Database driver: PostgreSQL JDBC Driver
app-1  | 	Database dialect: PostgreSQLDialect
app-1  | 	Database version: 16.15
app-1  | 	Default catalog/schema: prakashstores/public
app-1  | 	Autocommit mode: undefined/unknown
app-1  | 	Isolation level: READ_COMMITTED [default READ_COMMITTED]
app-1  | 	JDBC fetch size: none
app-1  | 	Pool: DataSourceConnectionProvider
app-1  | 	Minimum pool size: undefined/unknown
app-1  | 	Maximum pool size: undefined/unknown
app-1  | 2026-09-13T08:06:23.267Z  INFO 1 --- [prakashstores] [           main] org.hibernate.orm.core                   : HHH000489: No JTA platform available (set 'hibernate.transaction.jta.platform' to enable JTA platform integration)
app-1  | 2026-09-13T08:06:23.301Z  INFO 1 --- [prakashstores] [           main] j.LocalContainerEntityManagerFactoryBean : Initialized JPA EntityManagerFactory for persistence unit 'default'
app-1  | 2026-09-13T08:06:23.334Z  INFO 1 --- [prakashstores] [           main] o.s.d.j.r.query.QueryEnhancerFactories   : Hibernate is in classpath; If applicable, HQL parser will be used.
app-1  | 2026-09-13T08:06:23.431Z  INFO 1 --- [prakashstores] [           main] eAuthenticationProviderManagerConfigurer : Global AuthenticationManager configured with AuthenticationProvider bean with name authenticationProvider
app-1  | 2026-09-13T08:06:23.431Z  WARN 1 --- [prakashstores] [           main] r$InitializeUserDetailsManagerConfigurer : Global AuthenticationManager configured with an AuthenticationProvider bean. UserDetailsService beans will not be used by Spring Security for automatically configuring username/password login. Consider removing the AuthenticationProvider bean. Alternatively, consider using the UserDetailsService in a manually instantiated DaoAuthenticationProvider. If the current configuration is intentional, to turn off this warning, increase the logging level of 'org.springframework.security.config.annotation.authentication.configuration.InitializeUserDetailsBeanManagerConfigurer' to ERROR
app-1  | 2026-09-13T08:06:24.128Z  WARN 1 --- [prakashstores] [           main] ConfigServletWebServerApplicationContext : Exception encountered during context initialization - cancelling refresh attempt: org.springframework.beans.factory.UnsatisfiedDependencyException: Error creating bean with name 'galleryController' defined in URL [jar:nested:/app/app.jar/!BOOT-INF/classes/!/com/prakashstores/controller/GalleryController.class]: Unsatisfied dependency expressed through constructor parameter 0: Error creating bean with name 'mediaAssetService' defined in URL [jar:nested:/app/app.jar/!BOOT-INF/classes/!/com/prakashstores/service/MediaAssetService.class]: Unsatisfied dependency expressed through constructor parameter 1: Error creating bean with name 'minioStorageService': Invocation of init method failed
app-1  | 2026-09-13T08:06:24.130Z  INFO 1 --- [prakashstores] [           main] j.LocalContainerEntityManagerFactoryBean : Closing JPA EntityManagerFactory for persistence unit 'default'
app-1  | 2026-09-13T08:06:24.136Z  INFO 1 --- [prakashstores] [           main] com.zaxxer.hikari.HikariDataSource       : HikariPool-1 - Shutdown initiated...
app-1  | 2026-09-13T08:06:24.141Z  INFO 1 --- [prakashstores] [           main] com.zaxxer.hikari.HikariDataSource       : HikariPool-1 - Shutdown completed.
app-1  | 2026-09-13T08:06:24.144Z  INFO 1 --- [prakashstores] [           main] o.apache.catalina.core.StandardService   : Stopping service [Tomcat]
app-1  | 2026-09-13T08:06:24.153Z  INFO 1 --- [prakashstores] [           main] .s.b.a.l.ConditionEvaluationReportLogger : 
app-1  | 
app-1  | Error starting ApplicationContext. To display the condition evaluation report re-run your application with 'debug' enabled.
app-1  | 2026-09-13T08:06:24.161Z ERROR 1 --- [prakashstores] [           main] o.s.boot.SpringApplication               : Application run failed
app-1  | 
app-1  | org.springframework.beans.factory.UnsatisfiedDependencyException: Error creating bean with name 'galleryController' defined in URL [jar:nested:/app/app.jar/!BOOT-INF/classes/!/com/prakashstores/controller/GalleryController.class]: Unsatisfied dependency expressed through constructor parameter 0: Error creating bean with name 'mediaAssetService' defined in URL [jar:nested:/app/app.jar/!BOOT-INF/classes/!/com/prakashstores/service/MediaAssetService.class]: Unsatisfied dependency expressed through constructor parameter 1: Error creating bean with name 'minioStorageService': Invocation of init method failed
app-1  | 	at org.springframework.beans.factory.support.ConstructorResolver.createArgumentArray(ConstructorResolver.java:804) ~[spring-beans-7.0.8.jar!/:7.0.8]
app-1  | 	at org.springframework.beans.factory.support.ConstructorResolver.autowireConstructor(ConstructorResolver.java:240) ~[spring-beans-7.0.8.jar!/:7.0.8]
app-1  | 	at org.springframework.beans.factory.support.AbstractAutowireCapableBeanFactory.autowireConstructor(AbstractAutowireCapableBeanFactory.java:1380) ~[spring-beans-7.0.8.jar!/:7.0.8]
app-1  | 	at org.springframework.beans.factory.support.AbstractAutowireCapableBeanFactory.createBeanInstance(AbstractAutowireCapableBeanFactory.java:1219) ~[spring-beans-7.0.8.jar!/:7.0.8]
app-1  | 	at org.springframework.beans.factory.support.AbstractAutowireCapableBeanFactory.doCreateBean(AbstractAutowireCapableBeanFactory.java:565) ~[spring-beans-7.0.8.jar!/:7.0.8]
app-1  | 	at org.springframework.beans.factory.support.AbstractAutowireCapableBeanFactory.createBean(AbstractAutowireCapableBeanFactory.java:525) ~[spring-beans-7.0.8.jar!/:7.0.8]
app-1  | 	at org.springframework.beans.factory.support.AbstractBeanFactory.lambda$doGetBean$0(AbstractBeanFactory.java:333) ~[spring-beans-7.0.8.jar!/:7.0.8]
app-1  | 	at org.springframework.beans.factory.support.DefaultSingletonBeanRegistry.getSingleton(DefaultSingletonBeanRegistry.java:371) ~[spring-beans-7.0.8.jar!/:7.0.8]
app-1  | 	at org.springframework.beans.factory.support.AbstractBeanFactory.doGetBean(AbstractBeanFactory.java:331) ~[spring-beans-7.0.8.jar!/:7.0.8]
app-1  | 	at org.springframework.beans.factory.support.AbstractBeanFactory.getBean(AbstractBeanFactory.java:196) ~[spring-beans-7.0.8.jar!/:7.0.8]
app-1  | 	at org.springframework.beans.factory.support.DefaultListableBeanFactory.instantiateSingleton(DefaultListableBeanFactory.java:1225) ~[spring-beans-7.0.8.jar!/:7.0.8]
app-1  | 	at org.springframework.beans.factory.support.DefaultListableBeanFactory.preInstantiateSingleton(DefaultListableBeanFactory.java:1191) ~[spring-beans-7.0.8.jar!/:7.0.8]
app-1  | 	at org.springframework.beans.factory.support.DefaultListableBeanFactory.preInstantiateSingletons(DefaultListableBeanFactory.java:1121) ~[spring-beans-7.0.8.jar!/:7.0.8]
app-1  | 	at org.springframework.context.support.AbstractApplicationContext.finishBeanFactoryInitialization(AbstractApplicationContext.java:994) ~[spring-context-7.0.8.jar!/:7.0.8]
app-1  | 	at org.springframework.context.support.AbstractApplicationContext.refresh(AbstractApplicationContext.java:621) ~[spring-context-7.0.8.jar!/:7.0.8]
app-1  | 	at org.springframework.boot.web.server.servlet.context.ServletWebServerApplicationContext.refresh(ServletWebServerApplicationContext.java:143) ~[spring-boot-web-server-4.1.0.jar!/:4.1.0]
app-1  | 	at org.springframework.boot.SpringApplication.refresh(SpringApplication.java:756) ~[spring-boot-4.1.0.jar!/:4.1.0]
app-1  | 	at org.springframework.boot.SpringApplication.refreshContext(SpringApplication.java:445) ~[spring-boot-4.1.0.jar!/:4.1.0]
app-1  | 	at org.springframework.boot.SpringApplication.run(SpringApplication.java:321) ~[spring-boot-4.1.0.jar!/:4.1.0]
app-1  | 	at org.springframework.boot.SpringApplication.run(SpringApplication.java:1365) ~[spring-boot-4.1.0.jar!/:4.1.0]
app-1  | 	at org.springframework.boot.SpringApplication.run(SpringApplication.java:1354) ~[spring-boot-4.1.0.jar!/:4.1.0]
app-1  | 	at com.prakashstores.PrakashStoresApplication.main(PrakashStoresApplication.java:9) ~[!/:0.0.1-SNAPSHOT]
app-1  | 	at java.base/jdk.internal.reflect.NativeMethodAccessorImpl.invoke0(Native Method) ~[na:na]
app-1  | 	at java.base/jdk.internal.reflect.NativeMethodAccessorImpl.invoke(Unknown Source) ~[na:na]
app-1  | 	at java.base/jdk.internal.reflect.DelegatingMethodAccessorImpl.invoke(Unknown Source) ~[na:na]
app-1  | 	at java.base/java.lang.reflect.Method.invoke(Unknown Source) ~[na:na]
app-1  | 	at org.springframework.boot.loader.launch.Launcher.launch(Launcher.java:106) ~[app.jar:0.0.1-SNAPSHOT]
app-1  | 	at org.springframework.boot.loader.launch.Launcher.launch(Launcher.java:64) ~[app.jar:0.0.1-SNAPSHOT]
app-1  | 	at org.springframework.boot.loader.launch.JarLauncher.main(JarLauncher.java:40) ~[app.jar:0.0.1-SNAPSHOT]
app-1  | Caused by: org.springframework.beans.factory.UnsatisfiedDependencyException: Error creating bean with name 'mediaAssetService' defined in URL [jar:nested:/app/app.jar/!BOOT-INF/classes/!/com/prakashstores/service/MediaAssetService.class]: Unsatisfied dependency expressed through constructor parameter 1: Error creating bean with name 'minioStorageService': Invocation of init method failed
app-1  | 	at org.springframework.beans.factory.support.ConstructorResolver.createArgumentArray(ConstructorResolver.java:804) ~[spring-beans-7.0.8.jar!/:7.0.8]
app-1  | 	at org.springframework.beans.factory.support.ConstructorResolver.autowireConstructor(ConstructorResolver.java:240) ~[spring-beans-7.0.8.jar!/:7.0.8]
app-1  | 	at org.springframework.beans.factory.support.AbstractAutowireCapableBeanFactory.autowireConstructor(AbstractAutowireCapableBeanFactory.java:1380) ~[spring-beans-7.0.8.jar!/:7.0.8]
app-1  | 	at org.springframework.beans.factory.support.AbstractAutowireCapableBeanFactory.createBeanInstance(AbstractAutowireCapableBeanFactory.java:1219) ~[spring-beans-7.0.8.jar!/:7.0.8]
app-1  | 	at org.springframework.beans.factory.support.AbstractAutowireCapableBeanFactory.doCreateBean(AbstractAutowireCapableBeanFactory.java:565) ~[spring-beans-7.0.8.jar!/:7.0.8]
app-1  | 	at org.springframework.beans.factory.support.AbstractAutowireCapableBeanFactory.createBean(AbstractAutowireCapableBeanFactory.java:525) ~[spring-beans-7.0.8.jar!/:7.0.8]
app-1  | 	at org.springframework.beans.factory.support.AbstractBeanFactory.lambda$doGetBean$0(AbstractBeanFactory.java:333) ~[spring-beans-7.0.8.jar!/:7.0.8]
app-1  | 	at org.springframework.beans.factory.support.DefaultSingletonBeanRegistry.getSingleton(DefaultSingletonBeanRegistry.java:371) ~[spring-beans-7.0.8.jar!/:7.0.8]
app-1  | 	at org.springframework.beans.factory.support.AbstractBeanFactory.doGetBean(AbstractBeanFactory.java:331) ~[spring-beans-7.0.8.jar!/:7.0.8]
app-1  | 	at org.springframework.beans.factory.support.AbstractBeanFactory.getBean(AbstractBeanFactory.java:201) ~[spring-beans-7.0.8.jar!/:7.0.8]
app-1  | 	at org.springframework.beans.factory.support.DefaultListableBeanFactory.resolveBean(DefaultListableBeanFactory.java:1232) ~[spring-beans-7.0.8.jar!/:7.0.8]
app-1  | 	at org.springframework.beans.factory.support.DefaultListableBeanFactory.doResolveDependency(DefaultListableBeanFactory.java:1711) ~[spring-beans-7.0.8.jar!/:7.0.8]
app-1  | 	at org.springframework.beans.factory.support.DefaultListableBeanFactory.resolveDependency(DefaultListableBeanFactory.java:1658) ~[spring-beans-7.0.8.jar!/:7.0.8]
app-1  | 	at org.springframework.beans.factory.support.ConstructorResolver.resolveAutowiredArgument(ConstructorResolver.java:912) ~[spring-beans-7.0.8.jar!/:7.0.8]
app-1  | 	at org.springframework.beans.factory.support.ConstructorResolver.createArgumentArray(ConstructorResolver.java:791) ~[spring-beans-7.0.8.jar!/:7.0.8]
app-1  | 	... 28 common frames omitted
app-1  | Caused by: org.springframework.beans.factory.BeanCreationException: Error creating bean with name 'minioStorageService': Invocation of init method failed
app-1  | 	at org.springframework.beans.factory.annotation.InitDestroyAnnotationBeanPostProcessor.postProcessBeforeInitialization(InitDestroyAnnotationBeanPostProcessor.java:220) ~[spring-beans-7.0.8.jar!/:7.0.8]
app-1  | 	at org.springframework.beans.factory.support.AbstractAutowireCapableBeanFactory.applyBeanPostProcessorsBeforeInitialization(AbstractAutowireCapableBeanFactory.java:426) ~[spring-beans-7.0.8.jar!/:7.0.8]
app-1  | 	at org.springframework.beans.factory.support.AbstractAutowireCapableBeanFactory.initializeBean(AbstractAutowireCapableBeanFactory.java:1807) ~[spring-beans-7.0.8.jar!/:7.0.8]
app-1  | 	at org.springframework.beans.factory.support.AbstractAutowireCapableBeanFactory.doCreateBean(AbstractAutowireCapableBeanFactory.java:603) ~[spring-beans-7.0.8.jar!/:7.0.8]
app-1  | 	at org.springframework.beans.factory.support.AbstractAutowireCapableBeanFactory.createBean(AbstractAutowireCapableBeanFactory.java:525) ~[spring-beans-7.0.8.jar!/:7.0.8]
app-1  | 	at org.springframework.beans.factory.support.AbstractBeanFactory.lambda$doGetBean$0(AbstractBeanFactory.java:333) ~[spring-beans-7.0.8.jar!/:7.0.8]
app-1  | 	at org.springframework.beans.factory.support.DefaultSingletonBeanRegistry.getSingleton(DefaultSingletonBeanRegistry.java:371) ~[spring-beans-7.0.8.jar!/:7.0.8]
app-1  | 	at org.springframework.beans.factory.support.AbstractBeanFactory.doGetBean(AbstractBeanFactory.java:331) ~[spring-beans-7.0.8.jar!/:7.0.8]
app-1  | 	at org.springframework.beans.factory.support.AbstractBeanFactory.getBean(AbstractBeanFactory.java:201) ~[spring-beans-7.0.8.jar!/:7.0.8]
app-1  | 	at org.springframework.beans.factory.config.DependencyDescriptor.resolveCandidate(DependencyDescriptor.java:229) ~[spring-beans-7.0.8.jar!/:7.0.8]
app-1  | 	at org.springframework.beans.factory.support.DefaultListableBeanFactory.doResolveDependency(DefaultListableBeanFactory.java:1769) ~[spring-beans-7.0.8.jar!/:7.0.8]
app-1  | 	at org.springframework.beans.factory.support.DefaultListableBeanFactory.resolveDependency(DefaultListableBeanFactory.java:1658) ~[spring-beans-7.0.8.jar!/:7.0.8]
app-1  | 	at org.springframework.beans.factory.support.ConstructorResolver.resolveAutowiredArgument(ConstructorResolver.java:912) ~[spring-beans-7.0.8.jar!/:7.0.8]
app-1  | 	at org.springframework.beans.factory.support.ConstructorResolver.createArgumentArray(ConstructorResolver.java:791) ~[spring-beans-7.0.8.jar!/:7.0.8]
app-1  | 	... 42 common frames omitted
app-1  | Caused by: software.amazon.awssdk.core.exception.SdkClientException: Received an UnknownHostException when attempting to interact with a service. See cause for the exact endpoint that is failing to resolve. If this is happening on an endpoint that previously worked, there may be a network connectivity issue or your DNS cache could be storing endpoints for too long.
app-1  | 	at software.amazon.awssdk.core.exception.SdkClientException$BuilderImpl.build(SdkClientException.java:130) ~[sdk-core-2.31.6.jar!/:na]
app-1  | 	at software.amazon.awssdk.awscore.interceptor.HelpfulUnknownHostExceptionInterceptor.modifyException(HelpfulUnknownHostExceptionInterceptor.java:59) ~[aws-core-2.31.6.jar!/:na]
app-1  | 	at software.amazon.awssdk.core.interceptor.ExecutionInterceptorChain.modifyException(ExecutionInterceptorChain.java:181) ~[sdk-core-2.31.6.jar!/:na]
app-1  | 	at software.amazon.awssdk.core.internal.http.pipeline.stages.utils.ExceptionReportingUtils.runModifyException(ExceptionReportingUtils.java:54) ~[sdk-core-2.31.6.jar!/:na]
app-1  | 	at software.amazon.awssdk.core.internal.http.pipeline.stages.utils.ExceptionReportingUtils.reportFailureToInterceptors(ExceptionReportingUtils.java:38) ~[sdk-core-2.31.6.jar!/:na]
app-1  | 	at software.amazon.awssdk.core.internal.http.pipeline.stages.ExecutionFailureExceptionReportingStage.execute(ExecutionFailureExceptionReportingStage.java:39) ~[sdk-core-2.31.6.jar!/:na]
app-1  | 	at software.amazon.awssdk.core.internal.http.pipeline.stages.ExecutionFailureExceptionReportingStage.execute(ExecutionFailureExceptionReportingStage.java:26) ~[sdk-core-2.31.6.jar!/:na]
app-1  | 	at software.amazon.awssdk.core.internal.http.AmazonSyncHttpClient$RequestExecutionBuilderImpl.execute(AmazonSyncHttpClient.java:210) ~[sdk-core-2.31.6.jar!/:na]
app-1  | 	at software.amazon.awssdk.core.internal.handler.BaseSyncClientHandler.invoke(BaseSyncClientHandler.java:103) ~[sdk-core-2.31.6.jar!/:na]
app-1  | 	at software.amazon.awssdk.core.internal.handler.BaseSyncClientHandler.doExecute(BaseSyncClientHandler.java:173) ~[sdk-core-2.31.6.jar!/:na]
app-1  | 	at software.amazon.awssdk.core.internal.handler.BaseSyncClientHandler.lambda$execute$1(BaseSyncClientHandler.java:80) ~[sdk-core-2.31.6.jar!/:na]
app-1  | 	at software.amazon.awssdk.core.internal.handler.BaseSyncClientHandler.measureApiCallSuccess(BaseSyncClientHandler.java:182) ~[sdk-core-2.31.6.jar!/:na]
app-1  | 	at software.amazon.awssdk.core.internal.handler.BaseSyncClientHandler.execute(BaseSyncClientHandler.java:74) ~[sdk-core-2.31.6.jar!/:na]
app-1  | 	at software.amazon.awssdk.core.client.handler.SdkSyncClientHandler.execute(SdkSyncClientHandler.java:45) ~[sdk-core-2.31.6.jar!/:na]
app-1  | 	at software.amazon.awssdk.awscore.client.handler.AwsSyncClientHandler.execute(AwsSyncClientHandler.java:53) ~[aws-core-2.31.6.jar!/:na]
app-1  | 	at software.amazon.awssdk.services.s3.DefaultS3Client.headBucket(DefaultS3Client.java:6818) ~[s3-2.31.6.jar!/:na]
app-1  | 	at software.amazon.awssdk.services.s3.S3Client.headBucket(S3Client.java:12933) ~[s3-2.31.6.jar!/:na]
app-1  | 	at com.prakashstores.storage.MinioStorageService.ensureBucket(MinioStorageService.java:40) ~[!/:0.0.1-SNAPSHOT]
app-1  | 	at java.base/jdk.internal.reflect.NativeMethodAccessorImpl.invoke0(Native Method) ~[na:na]
app-1  | 	at java.base/jdk.internal.reflect.NativeMethodAccessorImpl.invoke(Unknown Source) ~[na:na]
app-1  | 	at java.base/jdk.internal.reflect.DelegatingMethodAccessorImpl.invoke(Unknown Source) ~[na:na]
app-1  | 	at java.base/java.lang.reflect.Method.invoke(Unknown Source) ~[na:na]
app-1  | 	at org.springframework.beans.factory.annotation.InitDestroyAnnotationBeanPostProcessor$LifecycleMethod.invoke(InitDestroyAnnotationBeanPostProcessor.java:453) ~[spring-beans-7.0.8.jar!/:7.0.8]
app-1  | 	at org.springframework.beans.factory.annotation.InitDestroyAnnotationBeanPostProcessor$LifecycleMetadata.invokeInitMethods(InitDestroyAnnotationBeanPostProcessor.java:397) ~[spring-beans-7.0.8.jar!/:7.0.8]
app-1  | 	at org.springframework.beans.factory.annotation.InitDestroyAnnotationBeanPostProcessor.postProcessBeforeInitialization(InitDestroyAnnotationBeanPostProcessor.java:217) ~[spring-beans-7.0.8.jar!/:7.0.8]
app-1  | 	... 55 common frames omitted
app-1  | Caused by: software.amazon.awssdk.core.exception.SdkClientException: Unable to execute HTTP request: minio (SDK Attempt Count: 4)
app-1  | 	at software.amazon.awssdk.core.exception.SdkClientException$BuilderImpl.build(SdkClientException.java:130) ~[sdk-core-2.31.6.jar!/:na]
app-1  | 	at software.amazon.awssdk.core.exception.SdkClientException$BuilderImpl.build(SdkClientException.java:95) ~[sdk-core-2.31.6.jar!/:na]
app-1  | 	at software.amazon.awssdk.core.internal.http.pipeline.stages.utils.RetryableStageHelper.retryPolicyDisallowedRetryException(RetryableStageHelper.java:168) ~[sdk-core-2.31.6.jar!/:na]
app-1  | 	at software.amazon.awssdk.core.internal.http.pipeline.stages.RetryableStage.execute(RetryableStage.java:73) ~[sdk-core-2.31.6.jar!/:na]
app-1  | 	at software.amazon.awssdk.core.internal.http.pipeline.stages.RetryableStage.execute(RetryableStage.java:36) ~[sdk-core-2.31.6.jar!/:na]
app-1  | 	at software.amazon.awssdk.core.internal.http.pipeline.RequestPipelineBuilder$ComposingRequestPipelineStage.execute(RequestPipelineBuilder.java:206) ~[sdk-core-2.31.6.jar!/:na]
app-1  | 	at software.amazon.awssdk.core.internal.http.StreamManagingStage.execute(StreamManagingStage.java:53) ~[sdk-core-2.31.6.jar!/:na]
app-1  | 	at software.amazon.awssdk.core.internal.http.StreamManagingStage.execute(StreamManagingStage.java:35) ~[sdk-core-2.31.6.jar!/:na]
app-1  | 	at software.amazon.awssdk.core.internal.http.pipeline.stages.ApiCallTimeoutTrackingStage.executeWithTimer(ApiCallTimeoutTrackingStage.java:82) ~[sdk-core-2.31.6.jar!/:na]
app-1  | 	at software.amazon.awssdk.core.internal.http.pipeline.stages.ApiCallTimeoutTrackingStage.execute(ApiCallTimeoutTrackingStage.java:62) ~[sdk-core-2.31.6.jar!/:na]
app-1  | 	at software.amazon.awssdk.core.internal.http.pipeline.stages.ApiCallTimeoutTrackingStage.execute(ApiCallTimeoutTrackingStage.java:43) ~[sdk-core-2.31.6.jar!/:na]
app-1  | 	at software.amazon.awssdk.core.internal.http.pipeline.stages.ApiCallMetricCollectionStage.execute(ApiCallMetricCollectionStage.java:50) ~[sdk-core-2.31.6.jar!/:na]
app-1  | 	at software.amazon.awssdk.core.internal.http.pipeline.stages.ApiCallMetricCollectionStage.execute(ApiCallMetricCollectionStage.java:32) ~[sdk-core-2.31.6.jar!/:na]
app-1  | 	at software.amazon.awssdk.core.internal.http.pipeline.RequestPipelineBuilder$ComposingRequestPipelineStage.execute(RequestPipelineBuilder.java:206) ~[sdk-core-2.31.6.jar!/:na]
app-1  | 	at software.amazon.awssdk.core.internal.http.pipeline.RequestPipelineBuilder$ComposingRequestPipelineStage.execute(RequestPipelineBuilder.java:206) ~[sdk-core-2.31.6.jar!/:na]
app-1  | 	at software.amazon.awssdk.core.internal.http.pipeline.stages.ExecutionFailureExceptionReportingStage.execute(ExecutionFailureExceptionReportingStage.java:37) ~[sdk-core-2.31.6.jar!/:na]
app-1  | 	... 74 common frames omitted
app-1  | 	Suppressed: software.amazon.awssdk.core.exception.SdkClientException: Request attempt 1 failure: Unable to execute HTTP request: minio: Name or service not known
app-1  | 	Suppressed: software.amazon.awssdk.core.exception.SdkClientException: Request attempt 2 failure: Unable to execute HTTP request: minio
app-1  | 	Suppressed: software.amazon.awssdk.core.exception.SdkClientException: Request attempt 3 failure: Unable to execute HTTP request: minio
app-1  | Caused by: java.net.UnknownHostException: minio
app-1  | 	at java.base/java.net.InetAddress$CachedAddresses.get(Unknown Source) ~[na:na]
app-1  | 	at java.base/java.net.InetAddress.getAllByName0(Unknown Source) ~[na:na]
app-1  | 	at java.base/java.net.InetAddress.getAllByName(Unknown Source) ~[na:na]
app-1  | 	at java.base/java.net.InetAddress.getAllByName(Unknown Source) ~[na:na]
app-1  | 	at org.apache.http.impl.conn.SystemDefaultDnsResolver.resolve(SystemDefaultDnsResolver.java:45) ~[httpclient-4.5.13.jar!/:4.5.13]
app-1  | 	at org.apache.http.impl.conn.DefaultHttpClientConnectionOperator.connect(DefaultHttpClientConnectionOperator.java:112) ~[httpclient-4.5.13.jar!/:4.5.13]
app-1  | 	at org.apache.http.impl.conn.PoolingHttpClientConnectionManager.connect(PoolingHttpClientConnectionManager.java:376) ~[httpclient-4.5.13.jar!/:4.5.13]
app-1  | 	at software.amazon.awssdk.http.apache.internal.conn.ClientConnectionManagerFactory$DelegatingHttpClientConnectionManager.connect(ClientConnectionManagerFactory.java:86) ~[apache-client-2.31.6.jar!/:na]
app-1  | 	at org.apache.http.impl.execchain.MainClientExec.establishRoute(MainClientExec.java:393) ~[httpclient-4.5.13.jar!/:4.5.13]
app-1  | 	at org.apache.http.impl.execchain.MainClientExec.execute(MainClientExec.java:236) ~[httpclient-4.5.13.jar!/:4.5.13]
app-1  | 	at org.apache.http.impl.execchain.ProtocolExec.execute(ProtocolExec.java:186) ~[httpclient-4.5.13.jar!/:4.5.13]
app-1  | 	at org.apache.http.impl.client.InternalHttpClient.doExecute(InternalHttpClient.java:185) ~[httpclient-4.5.13.jar!/:4.5.13]
app-1  | 	at org.apache.http.impl.client.CloseableHttpClient.execute(CloseableHttpClient.java:83) ~[httpclient-4.5.13.jar!/:4.5.13]
app-1  | 	at org.apache.http.impl.client.CloseableHttpClient.execute(CloseableHttpClient.java:56) ~[httpclient-4.5.13.jar!/:4.5.13]
app-1  | 	at software.amazon.awssdk.http.apache.internal.impl.ApacheSdkHttpClient.execute(ApacheSdkHttpClient.java:72) ~[apache-client-2.31.6.jar!/:na]
app-1  | 	at software.amazon.awssdk.http.apache.ApacheHttpClient.execute(ApacheHttpClient.java:259) ~[apache-client-2.31.6.jar!/:na]
app-1  | 	at software.amazon.awssdk.http.apache.ApacheHttpClient.access$600(ApacheHttpClient.java:104) ~[apache-client-2.31.6.jar!/:na]
app-1  | 	at software.amazon.awssdk.http.apache.ApacheHttpClient$1.call(ApacheHttpClient.java:236) ~[apache-client-2.31.6.jar!/:na]
app-1  | 	at software.amazon.awssdk.http.apache.ApacheHttpClient$1.call(ApacheHttpClient.java:233) ~[apache-client-2.31.6.jar!/:na]
app-1  | 	at software.amazon.awssdk.core.internal.util.MetricUtils.measureDurationUnsafe(MetricUtils.java:102) ~[sdk-core-2.31.6.jar!/:na]
app-1  | 	at software.amazon.awssdk.core.internal.http.pipeline.stages.MakeHttpRequestStage.executeHttpRequest(MakeHttpRequestStage.java:88) ~[sdk-core-2.31.6.jar!/:na]
app-1  | 	at software.amazon.awssdk.core.internal.http.pipeline.stages.MakeHttpRequestStage.execute(MakeHttpRequestStage.java:64) ~[sdk-core-2.31.6.jar!/:na]
app-1  | 	at software.amazon.awssdk.core.internal.http.pipeline.stages.MakeHttpRequestStage.execute(MakeHttpRequestStage.java:46) ~[sdk-core-2.31.6.jar!/:na]
app-1  | 	at software.amazon.awssdk.core.internal.http.pipeline.RequestPipelineBuilder$ComposingRequestPipelineStage.execute(RequestPipelineBuilder.java:206) ~[sdk-core-2.31.6.jar!/:na]
app-1  | 	at software.amazon.awssdk.core.internal.http.pipeline.RequestPipelineBuilder$ComposingRequestPipelineStage.execute(RequestPipelineBuilder.java:206) ~[sdk-core-2.31.6.jar!/:na]
app-1  | 	at software.amazon.awssdk.core.internal.http.pipeline.RequestPipelineBuilder$ComposingRequestPipelineStage.execute(RequestPipelineBuilder.java:206) ~[sdk-core-2.31.6.jar!/:na]
app-1  | 	at software.amazon.awssdk.core.internal.http.pipeline.RequestPipelineBuilder$ComposingRequestPipelineStage.execute(RequestPipelineBuilder.java:206) ~[sdk-core-2.31.6.jar!/:na]
app-1  | 	at software.amazon.awssdk.core.internal.http.pipeline.stages.ApiCallAttemptTimeoutTrackingStage.execute(ApiCallAttemptTimeoutTrackingStage.java:74) ~[sdk-core-2.31.6.jar!/:na]
app-1  | 	at software.amazon.awssdk.core.internal.http.pipeline.stages.ApiCallAttemptTimeoutTrackingStage.execute(ApiCallAttemptTimeoutTrackingStage.java:43) ~[sdk-core-2.31.6.jar!/:na]
app-1  | 	at software.amazon.awssdk.core.internal.http.pipeline.stages.TimeoutExceptionHandlingStage.execute(TimeoutExceptionHandlingStage.java:79) ~[sdk-core-2.31.6.jar!/:na]
app-1  | 	at software.amazon.awssdk.core.internal.http.pipeline.stages.TimeoutExceptionHandlingStage.execute(TimeoutExceptionHandlingStage.java:41) ~[sdk-core-2.31.6.jar!/:na]
app-1  | 	at software.amazon.awssdk.core.internal.http.pipeline.stages.ApiCallAttemptMetricCollectionStage.execute(ApiCallAttemptMetricCollectionStage.java:55) ~[sdk-core-2.31.6.jar!/:na]
app-1  | 	at software.amazon.awssdk.core.internal.http.pipeline.stages.ApiCallAttemptMetricCollectionStage.execute(ApiCallAttemptMetricCollectionStage.java:39) ~[sdk-core-2.31.6.jar!/:na]
app-1  | 	at software.amazon.awssdk.core.internal.http.pipeline.stages.RetryableStage.executeRequest(RetryableStage.java:93) ~[sdk-core-2.31.6.jar!/:na]
app-1  | 	at software.amazon.awssdk.core.internal.http.pipeline.stages.RetryableStage.execute(RetryableStage.java:56) ~[sdk-core-2.31.6.jar!/:na]
app-1  | 	... 86 common frames omitted
app-1  | 
app-1  | 
app-1  |   .   ____          _            __ _ _
app-1  |  /\\ / ___'_ __ _ _(_)_ __  __ _ \ \ \ \
app-1  | ( ( )\___ | '_ | '_| | '_ \/ _` | \ \ \ \
app-1  |  \\/  ___)| |_)| | | | | || (_| |  ) ) ) )
app-1  |   '  |____| .__|_| |_|_| |_\__, | / / / /
app-1  |  =========|_|==============|___/=/_/_/_/
app-1  | 
app-1  |  :: Spring Boot ::                (v4.1.0)
app-1  | 
app-1  | 2026-09-13T08:06:24.932Z  INFO 1 --- [prakashstores] [           main] c.p.PrakashStoresApplication             : Starting PrakashStoresApplication v0.0.1-SNAPSHOT using Java 17.0.19 with PID 1 (/app/app.jar started by app in /app)
app-1  | 2026-09-13T08:06:24.934Z  INFO 1 --- [prakashstores] [           main] c.p.PrakashStoresApplication             : No active profile set, falling back to 1 default profile: "default"
app-1  | 2026-09-13T08:06:25.398Z  INFO 1 --- [prakashstores] [           main] .s.d.r.c.RepositoryConfigurationDelegate : Bootstrapping Spring Data JPA repositories in DEFAULT mode.
app-1  | 2026-09-13T08:06:25.424Z  INFO 1 --- [prakashstores] [           main] .s.d.r.c.RepositoryConfigurationDelegate : Finished Spring Data repository scanning in 23 ms. Found 12 JPA repository interfaces.
app-1  | 2026-09-13T08:06:25.697Z  INFO 1 --- [prakashstores] [           main] o.s.boot.tomcat.TomcatWebServer          : Tomcat initialized with port 8080 (http)
app-1  | 2026-09-13T08:06:25.703Z  INFO 1 --- [prakashstores] [           main] o.apache.catalina.core.StandardService   : Starting service [Tomcat]
app-1  | 2026-09-13T08:06:25.703Z  INFO 1 --- [prakashstores] [           main] o.apache.catalina.core.StandardEngine    : Starting Servlet engine: [Apache Tomcat/11.0.22]
app-1  | 2026-09-13T08:06:25.731Z  INFO 1 --- [prakashstores] [           main] b.w.c.s.WebApplicationContextInitializer : Root WebApplicationContext: initialization completed in 770 ms
app-1  | 2026-09-13T08:06:25.863Z  INFO 1 --- [prakashstores] [           main] org.hibernate.orm.jpa                    : HHH008540: Processing PersistenceUnitInfo [name: default]
app-1  | 2026-09-13T08:06:25.886Z  INFO 1 --- [prakashstores] [           main] org.hibernate.orm.core                   : HHH000001: Hibernate ORM core version 7.4.1.Final
app-1  | 2026-09-13T08:06:26.067Z  INFO 1 --- [prakashstores] [           main] o.s.o.j.p.SpringPersistenceUnitInfo      : No LoadTimeWeaver setup: ignoring JPA class transformer
app-1  | 2026-09-13T08:06:26.083Z  INFO 1 --- [prakashstores] [           main] com.zaxxer.hikari.HikariDataSource       : HikariPool-1 - Starting...
app-1  | 2026-09-13T08:06:26.176Z  INFO 1 --- [prakashstores] [           main] com.zaxxer.hikari.pool.HikariPool        : HikariPool-1 - Added connection org.postgresql.jdbc.PgConnection@1bbb48dd
app-1  | 2026-09-13T08:06:26.177Z  INFO 1 --- [prakashstores] [           main] com.zaxxer.hikari.HikariDataSource       : HikariPool-1 - Start completed.
app-1  | 2026-09-13T08:06:26.192Z  WARN 1 --- [prakashstores] [           main] org.hibernate.orm.deprecation            : HHH90000025: PostgreSQLDialect does not need to be specified explicitly using 'hibernate.dialect' (remove the property setting and it will be selected by default)
app-1  | 2026-09-13T08:06:26.203Z  INFO 1 --- [prakashstores] [           main] org.hibernate.orm.connections.pooling    : HHH10001005: Database info:
app-1  | 	Database JDBC URL [jdbc:postgresql://db:5432/prakashstores]
app-1  | 	Database driver: PostgreSQL JDBC Driver
app-1  | 	Database dialect: PostgreSQLDialect
app-1  | 	Database version: 16.15
app-1  | 	Default catalog/schema: prakashstores/public
app-1  | 	Autocommit mode: undefined/unknown
app-1  | 	Isolation level: READ_COMMITTED [default READ_COMMITTED]
app-1  | 	JDBC fetch size: none
app-1  | 	Pool: DataSourceConnectionProvider
app-1  | 	Minimum pool size: undefined/unknown
app-1  | 	Maximum pool size: undefined/unknown
app-1  | 2026-09-13T08:06:26.727Z  INFO 1 --- [prakashstores] [           main] org.hibernate.orm.core                   : HHH000489: No JTA platform available (set 'hibernate.transaction.jta.platform' to enable JTA platform integration)
app-1  | 2026-09-13T08:06:26.759Z  INFO 1 --- [prakashstores] [           main] j.LocalContainerEntityManagerFactoryBean : Initialized JPA EntityManagerFactory for persistence unit 'default'
app-1  | 2026-09-13T08:06:26.792Z  INFO 1 --- [prakashstores] [           main] o.s.d.j.r.query.QueryEnhancerFactories   : Hibernate is in classpath; If applicable, HQL parser will be used.
app-1  | 2026-09-13T08:06:26.921Z  INFO 1 --- [prakashstores] [           main] eAuthenticationProviderManagerConfigurer : Global AuthenticationManager configured with AuthenticationProvider bean with name authenticationProvider
app-1  | 2026-09-13T08:06:26.921Z  WARN 1 --- [prakashstores] [           main] r$InitializeUserDetailsManagerConfigurer : Global AuthenticationManager configured with an AuthenticationProvider bean. UserDetailsService beans will not be used by Spring Security for automatically configuring username/password login. Consider removing the AuthenticationProvider bean. Alternatively, consider using the UserDetailsService in a manually instantiated DaoAuthenticationProvider. If the current configuration is intentional, to turn off this warning, increase the logging level of 'org.springframework.security.config.annotation.authentication.configuration.InitializeUserDetailsBeanManagerConfigurer' to ERROR
app-1  | 2026-09-13T08:06:27.524Z  WARN 1 --- [prakashstores] [           main] ConfigServletWebServerApplicationContext : Exception encountered during context initialization - cancelling refresh attempt: org.springframework.beans.factory.UnsatisfiedDependencyException: Error creating bean with name 'galleryController' defined in URL [jar:nested:/app/app.jar/!BOOT-INF/classes/!/com/prakashstores/controller/GalleryController.class]: Unsatisfied dependency expressed through constructor parameter 0: Error creating bean with name 'mediaAssetService' defined in URL [jar:nested:/app/app.jar/!BOOT-INF/classes/!/com/prakashstores/service/MediaAssetService.class]: Unsatisfied dependency expressed through constructor parameter 1: Error creating bean with name 'minioStorageService': Invocation of init method failed
app-1  | 2026-09-13T08:06:27.526Z  INFO 1 --- [prakashstores] [           main] j.LocalContainerEntityManagerFactoryBean : Closing JPA EntityManagerFactory for persistence unit 'default'
app-1  | 2026-09-13T08:06:27.532Z  INFO 1 --- [prakashstores] [           main] com.zaxxer.hikari.HikariDataSource       : HikariPool-1 - Shutdown initiated...
app-1  | 2026-09-13T08:06:27.536Z  INFO 1 --- [prakashstores] [           main] com.zaxxer.hikari.HikariDataSource       : HikariPool-1 - Shutdown completed.
app-1  | 2026-09-13T08:06:27.539Z  INFO 1 --- [prakashstores] [           main] o.apache.catalina.core.StandardService   : Stopping service [Tomcat]
app-1  | 2026-09-13T08:06:27.549Z  INFO 1 --- [prakashstores] [           main] .s.b.a.l.ConditionEvaluationReportLogger : 
app-1  | 
app-1  | Error starting ApplicationContext. To display the condition evaluation report re-run your application with 'debug' enabled.
app-1  | 2026-09-13T08:06:27.557Z ERROR 1 --- [prakashstores] [           main] o.s.boot.SpringApplication               : Application run failed
app-1  | 
app-1  | org.springframework.beans.factory.UnsatisfiedDependencyException: Error creating bean with name 'galleryController' defined in URL [jar:nested:/app/app.jar/!BOOT-INF/classes/!/com/prakashstores/controller/GalleryController.class]: Unsatisfied dependency expressed through constructor parameter 0: Error creating bean with name 'mediaAssetService' defined in URL [jar:nested:/app/app.jar/!BOOT-INF/classes/!/com/prakashstores/service/MediaAssetService.class]: Unsatisfied dependency expressed through constructor parameter 1: Error creating bean with name 'minioStorageService': Invocation of init method failed
app-1  | 	at org.springframework.beans.factory.support.ConstructorResolver.createArgumentArray(ConstructorResolver.java:804) ~[spring-beans-7.0.8.jar!/:7.0.8]
app-1  | 	at org.springframework.beans.factory.support.ConstructorResolver.autowireConstructor(ConstructorResolver.java:240) ~[spring-beans-7.0.8.jar!/:7.0.8]
app-1  | 	at org.springframework.beans.factory.support.AbstractAutowireCapableBeanFactory.autowireConstructor(AbstractAutowireCapableBeanFactory.java:1380) ~[spring-beans-7.0.8.jar!/:7.0.8]
app-1  | 	at org.springframework.beans.factory.support.AbstractAutowireCapableBeanFactory.createBeanInstance(AbstractAutowireCapableBeanFactory.java:1219) ~[spring-beans-7.0.8.jar!/:7.0.8]
app-1  | 	at org.springframework.beans.factory.support.AbstractAutowireCapableBeanFactory.doCreateBean(AbstractAutowireCapableBeanFactory.java:565) ~[spring-beans-7.0.8.jar!/:7.0.8]
app-1  | 	at org.springframework.beans.factory.support.AbstractAutowireCapableBeanFactory.createBean(AbstractAutowireCapableBeanFactory.java:525) ~[spring-beans-7.0.8.jar!/:7.0.8]
app-1  | 	at org.springframework.beans.factory.support.AbstractBeanFactory.lambda$doGetBean$0(AbstractBeanFactory.java:333) ~[spring-beans-7.0.8.jar!/:7.0.8]
app-1  | 	at org.springframework.beans.factory.support.DefaultSingletonBeanRegistry.getSingleton(DefaultSingletonBeanRegistry.java:371) ~[spring-beans-7.0.8.jar!/:7.0.8]
app-1  | 	at org.springframework.beans.factory.support.AbstractBeanFactory.doGetBean(AbstractBeanFactory.java:331) ~[spring-beans-7.0.8.jar!/:7.0.8]
app-1  | 	at org.springframework.beans.factory.support.AbstractBeanFactory.getBean(AbstractBeanFactory.java:196) ~[spring-beans-7.0.8.jar!/:7.0.8]
app-1  | 	at org.springframework.beans.factory.support.DefaultListableBeanFactory.instantiateSingleton(DefaultListableBeanFactory.java:1225) ~[spring-beans-7.0.8.jar!/:7.0.8]
app-1  | 	at org.springframework.beans.factory.support.DefaultListableBeanFactory.preInstantiateSingleton(DefaultListableBeanFactory.java:1191) ~[spring-beans-7.0.8.jar!/:7.0.8]
app-1  | 	at org.springframework.beans.factory.support.DefaultListableBeanFactory.preInstantiateSingletons(DefaultListableBeanFactory.java:1121) ~[spring-beans-7.0.8.jar!/:7.0.8]
app-1  | 	at org.springframework.context.support.AbstractApplicationContext.finishBeanFactoryInitialization(AbstractApplicationContext.java:994) ~[spring-context-7.0.8.jar!/:7.0.8]
app-1  | 	at org.springframework.context.support.AbstractApplicationContext.refresh(AbstractApplicationContext.java:621) ~[spring-context-7.0.8.jar!/:7.0.8]
app-1  | 	at org.springframework.boot.web.server.servlet.context.ServletWebServerApplicationContext.refresh(ServletWebServerApplicationContext.java:143) ~[spring-boot-web-server-4.1.0.jar!/:4.1.0]
app-1  | 	at org.springframework.boot.SpringApplication.refresh(SpringApplication.java:756) ~[spring-boot-4.1.0.jar!/:4.1.0]
app-1  | 	at org.springframework.boot.SpringApplication.refreshContext(SpringApplication.java:445) ~[spring-boot-4.1.0.jar!/:4.1.0]
app-1  | 	at org.springframework.boot.SpringApplication.run(SpringApplication.java:321) ~[spring-boot-4.1.0.jar!/:4.1.0]
app-1  | 	at org.springframework.boot.SpringApplication.run(SpringApplication.java:1365) ~[spring-boot-4.1.0.jar!/:4.1.0]
app-1  | 	at org.springframework.boot.SpringApplication.run(SpringApplication.java:1354) ~[spring-boot-4.1.0.jar!/:4.1.0]
app-1  | 	at com.prakashstores.PrakashStoresApplication.main(PrakashStoresApplication.java:9) ~[!/:0.0.1-SNAPSHOT]
app-1  | 	at java.base/jdk.internal.reflect.NativeMethodAccessorImpl.invoke0(Native Method) ~[na:na]
app-1  | 	at java.base/jdk.internal.reflect.NativeMethodAccessorImpl.invoke(Unknown Source) ~[na:na]
app-1  | 	at java.base/jdk.internal.reflect.DelegatingMethodAccessorImpl.invoke(Unknown Source) ~[na:na]
app-1  | 	at java.base/java.lang.reflect.Method.invoke(Unknown Source) ~[na:na]
app-1  | 	at org.springframework.boot.loader.launch.Launcher.launch(Launcher.java:106) ~[app.jar:0.0.1-SNAPSHOT]
app-1  | 	at org.springframework.boot.loader.launch.Launcher.launch(Launcher.java:64) ~[app.jar:0.0.1-SNAPSHOT]
app-1  | 	at org.springframework.boot.loader.launch.JarLauncher.main(JarLauncher.java:40) ~[app.jar:0.0.1-SNAPSHOT]
app-1  | Caused by: org.springframework.beans.factory.UnsatisfiedDependencyException: Error creating bean with name 'mediaAssetService' defined in URL [jar:nested:/app/app.jar/!BOOT-INF/classes/!/com/prakashstores/service/MediaAssetService.class]: Unsatisfied dependency expressed through constructor parameter 1: Error creating bean with name 'minioStorageService': Invocation of init method failed
app-1  | 	at org.springframework.beans.factory.support.ConstructorResolver.createArgumentArray(ConstructorResolver.java:804) ~[spring-beans-7.0.8.jar!/:7.0.8]
app-1  | 	at org.springframework.beans.factory.support.ConstructorResolver.autowireConstructor(ConstructorResolver.java:240) ~[spring-beans-7.0.8.jar!/:7.0.8]
app-1  | 	at org.springframework.beans.factory.support.AbstractAutowireCapableBeanFactory.autowireConstructor(AbstractAutowireCapableBeanFactory.java:1380) ~[spring-beans-7.0.8.jar!/:7.0.8]
app-1  | 	at org.springframework.beans.factory.support.AbstractAutowireCapableBeanFactory.createBeanInstance(AbstractAutowireCapableBeanFactory.java:1219) ~[spring-beans-7.0.8.jar!/:7.0.8]
app-1  | 	at org.springframework.beans.factory.support.AbstractAutowireCapableBeanFactory.doCreateBean(AbstractAutowireCapableBeanFactory.java:565) ~[spring-beans-7.0.8.jar!/:7.0.8]
app-1  | 	at org.springframework.beans.factory.support.AbstractAutowireCapableBeanFactory.createBean(AbstractAutowireCapableBeanFactory.java:525) ~[spring-beans-7.0.8.jar!/:7.0.8]
app-1  | 	at org.springframework.beans.factory.support.AbstractBeanFactory.lambda$doGetBean$0(AbstractBeanFactory.java:333) ~[spring-beans-7.0.8.jar!/:7.0.8]
app-1  | 	at org.springframework.beans.factory.support.DefaultSingletonBeanRegistry.getSingleton(DefaultSingletonBeanRegistry.java:371) ~[spring-beans-7.0.8.jar!/:7.0.8]
app-1  | 	at org.springframework.beans.factory.support.AbstractBeanFactory.doGetBean(AbstractBeanFactory.java:331) ~[spring-beans-7.0.8.jar!/:7.0.8]
app-1  | 	at org.springframework.beans.factory.support.AbstractBeanFactory.getBean(AbstractBeanFactory.java:201) ~[spring-beans-7.0.8.jar!/:7.0.8]
app-1  | 	at org.springframework.beans.factory.support.DefaultListableBeanFactory.resolveBean(DefaultListableBeanFactory.java:1232) ~[spring-beans-7.0.8.jar!/:7.0.8]
app-1  | 	at org.springframework.beans.factory.support.DefaultListableBeanFactory.doResolveDependency(DefaultListableBeanFactory.java:1711) ~[spring-beans-7.0.8.jar!/:7.0.8]
app-1  | 	at org.springframework.beans.factory.support.DefaultListableBeanFactory.resolveDependency(DefaultListableBeanFactory.java:1658) ~[spring-beans-7.0.8.jar!/:7.0.8]
app-1  | 	at org.springframework.beans.factory.support.ConstructorResolver.resolveAutowiredArgument(ConstructorResolver.java:912) ~[spring-beans-7.0.8.jar!/:7.0.8]
app-1  | 	at org.springframework.beans.factory.support.ConstructorResolver.createArgumentArray(ConstructorResolver.java:791) ~[spring-beans-7.0.8.jar!/:7.0.8]
app-1  | 	... 28 common frames omitted
app-1  | Caused by: org.springframework.beans.factory.BeanCreationException: Error creating bean with name 'minioStorageService': Invocation of init method failed
app-1  | 	at org.springframework.beans.factory.annotation.InitDestroyAnnotationBeanPostProcessor.postProcessBeforeInitialization(InitDestroyAnnotationBeanPostProcessor.java:220) ~[spring-beans-7.0.8.jar!/:7.0.8]
app-1  | 	at org.springframework.beans.factory.support.AbstractAutowireCapableBeanFactory.applyBeanPostProcessorsBeforeInitialization(AbstractAutowireCapableBeanFactory.java:426) ~[spring-beans-7.0.8.jar!/:7.0.8]
app-1  | 	at org.springframework.beans.factory.support.AbstractAutowireCapableBeanFactory.initializeBean(AbstractAutowireCapableBeanFactory.java:1807) ~[spring-beans-7.0.8.jar!/:7.0.8]
app-1  | 	at org.springframework.beans.factory.support.AbstractAutowireCapableBeanFactory.doCreateBean(AbstractAutowireCapableBeanFactory.java:603) ~[spring-beans-7.0.8.jar!/:7.0.8]
app-1  | 	at org.springframework.beans.factory.support.AbstractAutowireCapableBeanFactory.createBean(AbstractAutowireCapableBeanFactory.java:525) ~[spring-beans-7.0.8.jar!/:7.0.8]
app-1  | 	at org.springframework.beans.factory.support.AbstractBeanFactory.lambda$doGetBean$0(AbstractBeanFactory.java:333) ~[spring-beans-7.0.8.jar!/:7.0.8]
app-1  | 	at org.springframework.beans.factory.support.DefaultSingletonBeanRegistry.getSingleton(DefaultSingletonBeanRegistry.java:371) ~[spring-beans-7.0.8.jar!/:7.0.8]
app-1  | 	at org.springframework.beans.factory.support.AbstractBeanFactory.doGetBean(AbstractBeanFactory.java:331) ~[spring-beans-7.0.8.jar!/:7.0.8]
app-1  | 	at org.springframework.beans.factory.support.AbstractBeanFactory.getBean(AbstractBeanFactory.java:201) ~[spring-beans-7.0.8.jar!/:7.0.8]
app-1  | 	at org.springframework.beans.factory.config.DependencyDescriptor.resolveCandidate(DependencyDescriptor.java:229) ~[spring-beans-7.0.8.jar!/:7.0.8]
app-1  | 	at org.springframework.beans.factory.support.DefaultListableBeanFactory.doResolveDependency(DefaultListableBeanFactory.java:1769) ~[spring-beans-7.0.8.jar!/:7.0.8]
app-1  | 	at org.springframework.beans.factory.support.DefaultListableBeanFactory.resolveDependency(DefaultListableBeanFactory.java:1658) ~[spring-beans-7.0.8.jar!/:7.0.8]
app-1  | 	at org.springframework.beans.factory.support.ConstructorResolver.resolveAutowiredArgument(ConstructorResolver.java:912) ~[spring-beans-7.0.8.jar!/:7.0.8]
app-1  | 	at org.springframework.beans.factory.support.ConstructorResolver.createArgumentArray(ConstructorResolver.java:791) ~[spring-beans-7.0.8.jar!/:7.0.8]
app-1  | 	... 42 common frames omitted
app-1  | Caused by: software.amazon.awssdk.core.exception.SdkClientException: Received an UnknownHostException when attempting to interact with a service. See cause for the exact endpoint that is failing to resolve. If this is happening on an endpoint that previously worked, there may be a network connectivity issue or your DNS cache could be storing endpoints for too long.
app-1  | 	at software.amazon.awssdk.core.exception.SdkClientException$BuilderImpl.build(SdkClientException.java:130) ~[sdk-core-2.31.6.jar!/:na]
app-1  | 	at software.amazon.awssdk.awscore.interceptor.HelpfulUnknownHostExceptionInterceptor.modifyException(HelpfulUnknownHostExceptionInterceptor.java:59) ~[aws-core-2.31.6.jar!/:na]
app-1  | 	at software.amazon.awssdk.core.interceptor.ExecutionInterceptorChain.modifyException(ExecutionInterceptorChain.java:181) ~[sdk-core-2.31.6.jar!/:na]
app-1  | 	at software.amazon.awssdk.core.internal.http.pipeline.stages.utils.ExceptionReportingUtils.runModifyException(ExceptionReportingUtils.java:54) ~[sdk-core-2.31.6.jar!/:na]
app-1  | 	at software.amazon.awssdk.core.internal.http.pipeline.stages.utils.ExceptionReportingUtils.reportFailureToInterceptors(ExceptionReportingUtils.java:38) ~[sdk-core-2.31.6.jar!/:na]
app-1  | 	at software.amazon.awssdk.core.internal.http.pipeline.stages.ExecutionFailureExceptionReportingStage.execute(ExecutionFailureExceptionReportingStage.java:39) ~[sdk-core-2.31.6.jar!/:na]
app-1  | 	at software.amazon.awssdk.core.internal.http.pipeline.stages.ExecutionFailureExceptionReportingStage.execute(ExecutionFailureExceptionReportingStage.java:26) ~[sdk-core-2.31.6.jar!/:na]
app-1  | 	at software.amazon.awssdk.core.internal.http.AmazonSyncHttpClient$RequestExecutionBuilderImpl.execute(AmazonSyncHttpClient.java:210) ~[sdk-core-2.31.6.jar!/:na]
app-1  | 	at software.amazon.awssdk.core.internal.handler.BaseSyncClientHandler.invoke(BaseSyncClientHandler.java:103) ~[sdk-core-2.31.6.jar!/:na]
app-1  | 	at software.amazon.awssdk.core.internal.handler.BaseSyncClientHandler.doExecute(BaseSyncClientHandler.java:173) ~[sdk-core-2.31.6.jar!/:na]
app-1  | 	at software.amazon.awssdk.core.internal.handler.BaseSyncClientHandler.lambda$execute$1(BaseSyncClientHandler.java:80) ~[sdk-core-2.31.6.jar!/:na]
app-1  | 	at software.amazon.awssdk.core.internal.handler.BaseSyncClientHandler.measureApiCallSuccess(BaseSyncClientHandler.java:182) ~[sdk-core-2.31.6.jar!/:na]
app-1  | 	at software.amazon.awssdk.core.internal.handler.BaseSyncClientHandler.execute(BaseSyncClientHandler.java:74) ~[sdk-core-2.31.6.jar!/:na]
app-1  | 	at software.amazon.awssdk.core.client.handler.SdkSyncClientHandler.execute(SdkSyncClientHandler.java:45) ~[sdk-core-2.31.6.jar!/:na]
app-1  | 	at software.amazon.awssdk.awscore.client.handler.AwsSyncClientHandler.execute(AwsSyncClientHandler.java:53) ~[aws-core-2.31.6.jar!/:na]
app-1  | 	at software.amazon.awssdk.services.s3.DefaultS3Client.headBucket(DefaultS3Client.java:6818) ~[s3-2.31.6.jar!/:na]
app-1  | 	at software.amazon.awssdk.services.s3.S3Client.headBucket(S3Client.java:12933) ~[s3-2.31.6.jar!/:na]
app-1  | 	at com.prakashstores.storage.MinioStorageService.ensureBucket(MinioStorageService.java:40) ~[!/:0.0.1-SNAPSHOT]
app-1  | 	at java.base/jdk.internal.reflect.NativeMethodAccessorImpl.invoke0(Native Method) ~[na:na]
app-1  | 	at java.base/jdk.internal.reflect.NativeMethodAccessorImpl.invoke(Unknown Source) ~[na:na]
app-1  | 	at java.base/jdk.internal.reflect.DelegatingMethodAccessorImpl.invoke(Unknown Source) ~[na:na]
app-1  | 	at java.base/java.lang.reflect.Method.invoke(Unknown Source) ~[na:na]
app-1  | 	at org.springframework.beans.factory.annotation.InitDestroyAnnotationBeanPostProcessor$LifecycleMethod.invoke(InitDestroyAnnotationBeanPostProcessor.java:453) ~[spring-beans-7.0.8.jar!/:7.0.8]
app-1  | 	at org.springframework.beans.factory.annotation.InitDestroyAnnotationBeanPostProcessor$LifecycleMetadata.invokeInitMethods(InitDestroyAnnotationBeanPostProcessor.java:397) ~[spring-beans-7.0.8.jar!/:7.0.8]
app-1  | 	at org.springframework.beans.factory.annotation.InitDestroyAnnotationBeanPostProcessor.postProcessBeforeInitialization(InitDestroyAnnotationBeanPostProcessor.java:217) ~[spring-beans-7.0.8.jar!/:7.0.8]
app-1  | 	... 55 common frames omitted
app-1  | Caused by: software.amazon.awssdk.core.exception.SdkClientException: Unable to execute HTTP request: minio (SDK Attempt Count: 4)
app-1  | 	at software.amazon.awssdk.core.exception.SdkClientException$BuilderImpl.build(SdkClientException.java:130) ~[sdk-core-2.31.6.jar!/:na]
app-1  | 	at software.amazon.awssdk.core.exception.SdkClientException$BuilderImpl.build(SdkClientException.java:95) ~[sdk-core-2.31.6.jar!/:na]
app-1  | 	at software.amazon.awssdk.core.internal.http.pipeline.stages.utils.RetryableStageHelper.retryPolicyDisallowedRetryException(RetryableStageHelper.java:168) ~[sdk-core-2.31.6.jar!/:na]
app-1  | 	at software.amazon.awssdk.core.internal.http.pipeline.stages.RetryableStage.execute(RetryableStage.java:73) ~[sdk-core-2.31.6.jar!/:na]
app-1  | 	at software.amazon.awssdk.core.internal.http.pipeline.stages.RetryableStage.execute(RetryableStage.java:36) ~[sdk-core-2.31.6.jar!/:na]
app-1  | 	at software.amazon.awssdk.core.internal.http.pipeline.RequestPipelineBuilder$ComposingRequestPipelineStage.execute(RequestPipelineBuilder.java:206) ~[sdk-core-2.31.6.jar!/:na]
app-1  | 	at software.amazon.awssdk.core.internal.http.StreamManagingStage.execute(StreamManagingStage.java:53) ~[sdk-core-2.31.6.jar!/:na]
app-1  | 	at software.amazon.awssdk.core.internal.http.StreamManagingStage.execute(StreamManagingStage.java:35) ~[sdk-core-2.31.6.jar!/:na]
app-1  | 	at software.amazon.awssdk.core.internal.http.pipeline.stages.ApiCallTimeoutTrackingStage.executeWithTimer(ApiCallTimeoutTrackingStage.java:82) ~[sdk-core-2.31.6.jar!/:na]
app-1  | 	at software.amazon.awssdk.core.internal.http.pipeline.stages.ApiCallTimeoutTrackingStage.execute(ApiCallTimeoutTrackingStage.java:62) ~[sdk-core-2.31.6.jar!/:na]
app-1  | 	at software.amazon.awssdk.core.internal.http.pipeline.stages.ApiCallTimeoutTrackingStage.execute(ApiCallTimeoutTrackingStage.java:43) ~[sdk-core-2.31.6.jar!/:na]
app-1  | 	at software.amazon.awssdk.core.internal.http.pipeline.stages.ApiCallMetricCollectionStage.execute(ApiCallMetricCollectionStage.java:50) ~[sdk-core-2.31.6.jar!/:na]
app-1  | 	at software.amazon.awssdk.core.internal.http.pipeline.stages.ApiCallMetricCollectionStage.execute(ApiCallMetricCollectionStage.java:32) ~[sdk-core-2.31.6.jar!/:na]
app-1  | 	at software.amazon.awssdk.core.internal.http.pipeline.RequestPipelineBuilder$ComposingRequestPipelineStage.execute(RequestPipelineBuilder.java:206) ~[sdk-core-2.31.6.jar!/:na]
app-1  | 	at software.amazon.awssdk.core.internal.http.pipeline.RequestPipelineBuilder$ComposingRequestPipelineStage.execute(RequestPipelineBuilder.java:206) ~[sdk-core-2.31.6.jar!/:na]
app-1  | 	at software.amazon.awssdk.core.internal.http.pipeline.stages.ExecutionFailureExceptionReportingStage.execute(ExecutionFailureExceptionReportingStage.java:37) ~[sdk-core-2.31.6.jar!/:na]
app-1  | 	... 74 common frames omitted
app-1  | 	Suppressed: software.amazon.awssdk.core.exception.SdkClientException: Request attempt 1 failure: Unable to execute HTTP request: minio: Name or service not known
app-1  | 	Suppressed: software.amazon.awssdk.core.exception.SdkClientException: Request attempt 2 failure: Unable to execute HTTP request: minio
app-1  | 	Suppressed: software.amazon.awssdk.core.exception.SdkClientException: Request attempt 3 failure: Unable to execute HTTP request: minio
app-1  | Caused by: java.net.UnknownHostException: minio
app-1  | 	at java.base/java.net.InetAddress$CachedAddresses.get(Unknown Source) ~[na:na]
app-1  | 	at java.base/java.net.InetAddress.getAllByName0(Unknown Source) ~[na:na]
app-1  | 	at java.base/java.net.InetAddress.getAllByName(Unknown Source) ~[na:na]
app-1  | 	at java.base/java.net.InetAddress.getAllByName(Unknown Source) ~[na:na]
app-1  | 	at org.apache.http.impl.conn.SystemDefaultDnsResolver.resolve(SystemDefaultDnsResolver.java:45) ~[httpclient-4.5.13.jar!/:4.5.13]
app-1  | 	at org.apache.http.impl.conn.DefaultHttpClientConnectionOperator.connect(DefaultHttpClientConnectionOperator.java:112) ~[httpclient-4.5.13.jar!/:4.5.13]
app-1  | 	at org.apache.http.impl.conn.PoolingHttpClientConnectionManager.connect(PoolingHttpClientConnectionManager.java:376) ~[httpclient-4.5.13.jar!/:4.5.13]
app-1  | 	at software.amazon.awssdk.http.apache.internal.conn.ClientConnectionManagerFactory$DelegatingHttpClientConnectionManager.connect(ClientConnectionManagerFactory.java:86) ~[apache-client-2.31.6.jar!/:na]
app-1  | 	at org.apache.http.impl.execchain.MainClientExec.establishRoute(MainClientExec.java:393) ~[httpclient-4.5.13.jar!/:4.5.13]
app-1  | 	at org.apache.http.impl.execchain.MainClientExec.execute(MainClientExec.java:236) ~[httpclient-4.5.13.jar!/:4.5.13]
app-1  | 	at org.apache.http.impl.execchain.ProtocolExec.execute(ProtocolExec.java:186) ~[httpclient-4.5.13.jar!/:4.5.13]
app-1  | 	at org.apache.http.impl.client.InternalHttpClient.doExecute(InternalHttpClient.java:185) ~[httpclient-4.5.13.jar!/:4.5.13]
app-1  | 	at org.apache.http.impl.client.CloseableHttpClient.execute(CloseableHttpClient.java:83) ~[httpclient-4.5.13.jar!/:4.5.13]
app-1  | 	at org.apache.http.impl.client.CloseableHttpClient.execute(CloseableHttpClient.java:56) ~[httpclient-4.5.13.jar!/:4.5.13]
app-1  | 	at software.amazon.awssdk.http.apache.internal.impl.ApacheSdkHttpClient.execute(ApacheSdkHttpClient.java:72) ~[apache-client-2.31.6.jar!/:na]
app-1  | 	at software.amazon.awssdk.http.apache.ApacheHttpClient.execute(ApacheHttpClient.java:259) ~[apache-client-2.31.6.jar!/:na]
app-1  | 	at software.amazon.awssdk.http.apache.ApacheHttpClient.access$600(ApacheHttpClient.java:104) ~[apache-client-2.31.6.jar!/:na]
app-1  | 	at software.amazon.awssdk.http.apache.ApacheHttpClient$1.call(ApacheHttpClient.java:236) ~[apache-client-2.31.6.jar!/:na]
app-1  | 	at software.amazon.awssdk.http.apache.ApacheHttpClient$1.call(ApacheHttpClient.java:233) ~[apache-client-2.31.6.jar!/:na]
app-1  | 	at software.amazon.awssdk.core.internal.util.MetricUtils.measureDurationUnsafe(MetricUtils.java:102) ~[sdk-core-2.31.6.jar!/:na]
app-1  | 	at software.amazon.awssdk.core.internal.http.pipeline.stages.MakeHttpRequestStage.executeHttpRequest(MakeHttpRequestStage.java:88) ~[sdk-core-2.31.6.jar!/:na]
app-1  | 	at software.amazon.awssdk.core.internal.http.pipeline.stages.MakeHttpRequestStage.execute(MakeHttpRequestStage.java:64) ~[sdk-core-2.31.6.jar!/:na]
app-1  | 	at software.amazon.awssdk.core.internal.http.pipeline.stages.MakeHttpRequestStage.execute(MakeHttpRequestStage.java:46) ~[sdk-core-2.31.6.jar!/:na]
app-1  | 	at software.amazon.awssdk.core.internal.http.pipeline.RequestPipelineBuilder$ComposingRequestPipelineStage.execute(RequestPipelineBuilder.java:206) ~[sdk-core-2.31.6.jar!/:na]
app-1  | 	at software.amazon.awssdk.core.internal.http.pipeline.RequestPipelineBuilder$ComposingRequestPipelineStage.execute(RequestPipelineBuilder.java:206) ~[sdk-core-2.31.6.jar!/:na]
app-1  | 	at software.amazon.awssdk.core.internal.http.pipeline.RequestPipelineBuilder$ComposingRequestPipelineStage.execute(RequestPipelineBuilder.java:206) ~[sdk-core-2.31.6.jar!/:na]
app-1  | 	at software.amazon.awssdk.core.internal.http.pipeline.RequestPipelineBuilder$ComposingRequestPipelineStage.execute(RequestPipelineBuilder.java:206) ~[sdk-core-2.31.6.jar!/:na]
app-1  | 	at software.amazon.awssdk.core.internal.http.pipeline.stages.ApiCallAttemptTimeoutTrackingStage.execute(ApiCallAttemptTimeoutTrackingStage.java:74) ~[sdk-core-2.31.6.jar!/:na]
app-1  | 	at software.amazon.awssdk.core.internal.http.pipeline.stages.ApiCallAttemptTimeoutTrackingStage.execute(ApiCallAttemptTimeoutTrackingStage.java:43) ~[sdk-core-2.31.6.jar!/:na]
app-1  | 	at software.amazon.awssdk.core.internal.http.pipeline.stages.TimeoutExceptionHandlingStage.execute(TimeoutExceptionHandlingStage.java:79) ~[sdk-core-2.31.6.jar!/:na]
app-1  | 	at software.amazon.awssdk.core.internal.http.pipeline.stages.TimeoutExceptionHandlingStage.execute(TimeoutExceptionHandlingStage.java:41) ~[sdk-core-2.31.6.jar!/:na]
app-1  | 	at software.amazon.awssdk.core.internal.http.pipeline.stages.ApiCallAttemptMetricCollectionStage.execute(ApiCallAttemptMetricCollectionStage.java:55) ~[sdk-core-2.31.6.jar!/:na]
app-1  | 	at software.amazon.awssdk.core.internal.http.pipeline.stages.ApiCallAttemptMetricCollectionStage.execute(ApiCallAttemptMetricCollectionStage.java:39) ~[sdk-core-2.31.6.jar!/:na]
app-1  | 	at software.amazon.awssdk.core.internal.http.pipeline.stages.RetryableStage.executeRequest(RetryableStage.java:93) ~[sdk-core-2.31.6.jar!/:na]
app-1  | 	at software.amazon.awssdk.core.internal.http.pipeline.stages.RetryableStage.execute(RetryableStage.java:56) ~[sdk-core-2.31.6.jar!/:na]
app-1  | 	... 86 common frames omitted
app-1  | 
app-1  | 
app-1  |   .   ____          _            __ _ _
app-1  |  /\\ / ___'_ __ _ _(_)_ __  __ _ \ \ \ \
app-1  | ( ( )\___ | '_ | '_| | '_ \/ _` | \ \ \ \
app-1  |  \\/  ___)| |_)| | | | | || (_| |  ) ) ) )
app-1  |   '  |____| .__|_| |_|_| |_\__, | / / / /
app-1  |  =========|_|==============|___/=/_/_/_/
app-1  | 
app-1  |  :: Spring Boot ::                (v4.1.0)
app-1  | 
app-1  | 2026-09-13T08:06:28.463Z  INFO 1 --- [prakashstores] [           main] c.p.PrakashStoresApplication             : Starting PrakashStoresApplication v0.0.1-SNAPSHOT using Java 17.0.19 with PID 1 (/app/app.jar started by app in /app)
app-1  | 2026-09-13T08:06:28.464Z  INFO 1 --- [prakashstores] [           main] c.p.PrakashStoresApplication             : No active profile set, falling back to 1 default profile: "default"
app-1  | 2026-09-13T08:06:28.902Z  INFO 1 --- [prakashstores] [           main] .s.d.r.c.RepositoryConfigurationDelegate : Bootstrapping Spring Data JPA repositories in DEFAULT mode.
app-1  | 2026-09-13T08:06:28.931Z  INFO 1 --- [prakashstores] [           main] .s.d.r.c.RepositoryConfigurationDelegate : Finished Spring Data repository scanning in 25 ms. Found 12 JPA repository interfaces.
app-1  | 2026-09-13T08:06:29.205Z  INFO 1 --- [prakashstores] [           main] o.s.boot.tomcat.TomcatWebServer          : Tomcat initialized with port 8080 (http)
app-1  | 2026-09-13T08:06:29.210Z  INFO 1 --- [prakashstores] [           main] o.apache.catalina.core.StandardService   : Starting service [Tomcat]
app-1  | 2026-09-13T08:06:29.210Z  INFO 1 --- [prakashstores] [           main] o.apache.catalina.core.StandardEngine    : Starting Servlet engine: [Apache Tomcat/11.0.22]
app-1  | 2026-09-13T08:06:29.222Z  INFO 1 --- [prakashstores] [           main] b.w.c.s.WebApplicationContextInitializer : Root WebApplicationContext: initialization completed in 728 ms
app-1  | 2026-09-13T08:06:29.349Z  INFO 1 --- [prakashstores] [           main] org.hibernate.orm.jpa                    : HHH008540: Processing PersistenceUnitInfo [name: default]
app-1  | 2026-09-13T08:06:29.374Z  INFO 1 --- [prakashstores] [           main] org.hibernate.orm.core                   : HHH000001: Hibernate ORM core version 7.4.1.Final
app-1  | 2026-09-13T08:06:29.560Z  INFO 1 --- [prakashstores] [           main] o.s.o.j.p.SpringPersistenceUnitInfo      : No LoadTimeWeaver setup: ignoring JPA class transformer
app-1  | 2026-09-13T08:06:29.573Z  INFO 1 --- [prakashstores] [           main] com.zaxxer.hikari.HikariDataSource       : HikariPool-1 - Starting...
app-1  | 2026-09-13T08:06:29.663Z  INFO 1 --- [prakashstores] [           main] com.zaxxer.hikari.pool.HikariPool        : HikariPool-1 - Added connection org.postgresql.jdbc.PgConnection@f9de1fd
app-1  | 2026-09-13T08:06:29.665Z  INFO 1 --- [prakashstores] [           main] com.zaxxer.hikari.HikariDataSource       : HikariPool-1 - Start completed.
app-1  | 2026-09-13T08:06:29.678Z  WARN 1 --- [prakashstores] [           main] org.hibernate.orm.deprecation            : HHH90000025: PostgreSQLDialect does not need to be specified explicitly using 'hibernate.dialect' (remove the property setting and it will be selected by default)
app-1  | 2026-09-13T08:06:29.689Z  INFO 1 --- [prakashstores] [           main] org.hibernate.orm.connections.pooling    : HHH10001005: Database info:
app-1  | 	Database JDBC URL [jdbc:postgresql://db:5432/prakashstores]
app-1  | 	Database driver: PostgreSQL JDBC Driver
app-1  | 	Database dialect: PostgreSQLDialect
app-1  | 	Database version: 16.15
app-1  | 	Default catalog/schema: prakashstores/public
app-1  | 	Autocommit mode: undefined/unknown
app-1  | 	Isolation level: READ_COMMITTED [default READ_COMMITTED]
app-1  | 	JDBC fetch size: none
app-1  | 	Pool: DataSourceConnectionProvider
app-1  | 	Minimum pool size: undefined/unknown
app-1  | 	Maximum pool size: undefined/unknown
app-1  | 2026-09-13T08:06:30.210Z  INFO 1 --- [prakashstores] [           main] org.hibernate.orm.core                   : HHH000489: No JTA platform available (set 'hibernate.transaction.jta.platform' to enable JTA platform integration)
app-1  | 2026-09-13T08:06:30.243Z  INFO 1 --- [prakashstores] [           main] j.LocalContainerEntityManagerFactoryBean : Initialized JPA EntityManagerFactory for persistence unit 'default'
app-1  | 2026-09-13T08:06:30.272Z  INFO 1 --- [prakashstores] [           main] o.s.d.j.r.query.QueryEnhancerFactories   : Hibernate is in classpath; If applicable, HQL parser will be used.
app-1  | 2026-09-13T08:06:30.363Z  INFO 1 --- [prakashstores] [           main] eAuthenticationProviderManagerConfigurer : Global AuthenticationManager configured with AuthenticationProvider bean with name authenticationProvider
app-1  | 2026-09-13T08:06:30.363Z  WARN 1 --- [prakashstores] [           main] r$InitializeUserDetailsManagerConfigurer : Global AuthenticationManager configured with an AuthenticationProvider bean. UserDetailsService beans will not be used by Spring Security for automatically configuring username/password login. Consider removing the AuthenticationProvider bean. Alternatively, consider using the UserDetailsService in a manually instantiated DaoAuthenticationProvider. If the current configuration is intentional, to turn off this warning, increase the logging level of 'org.springframework.security.config.annotation.authentication.configuration.InitializeUserDetailsBeanManagerConfigurer' to ERROR
app-1  | 2026-09-13T08:06:30.988Z  WARN 1 --- [prakashstores] [           main] ConfigServletWebServerApplicationContext : Exception encountered during context initialization - cancelling refresh attempt: org.springframework.beans.factory.UnsatisfiedDependencyException: Error creating bean with name 'galleryController' defined in URL [jar:nested:/app/app.jar/!BOOT-INF/classes/!/com/prakashstores/controller/GalleryController.class]: Unsatisfied dependency expressed through constructor parameter 0: Error creating bean with name 'mediaAssetService' defined in URL [jar:nested:/app/app.jar/!BOOT-INF/classes/!/com/prakashstores/service/MediaAssetService.class]: Unsatisfied dependency expressed through constructor parameter 1: Error creating bean with name 'minioStorageService': Invocation of init method failed
app-1  | 2026-09-13T08:06:30.990Z  INFO 1 --- [prakashstores] [           main] j.LocalContainerEntityManagerFactoryBean : Closing JPA EntityManagerFactory for persistence unit 'default'
app-1  | 2026-09-13T08:06:30.997Z  INFO 1 --- [prakashstores] [           main] com.zaxxer.hikari.HikariDataSource       : HikariPool-1 - Shutdown initiated...
app-1  | 2026-09-13T08:06:31.001Z  INFO 1 --- [prakashstores] [           main] com.zaxxer.hikari.HikariDataSource       : HikariPool-1 - Shutdown completed.
app-1  | 2026-09-13T08:06:31.004Z  INFO 1 --- [prakashstores] [           main] o.apache.catalina.core.StandardService   : Stopping service [Tomcat]
app-1  | 2026-09-13T08:06:31.014Z  INFO 1 --- [prakashstores] [           main] .s.b.a.l.ConditionEvaluationReportLogger : 
app-1  | 
app-1  | Error starting ApplicationContext. To display the condition evaluation report re-run your application with 'debug' enabled.
app-1  | 2026-09-13T08:06:31.022Z ERROR 1 --- [prakashstores] [           main] o.s.boot.SpringApplication               : Application run failed
app-1  | 
app-1  | org.springframework.beans.factory.UnsatisfiedDependencyException: Error creating bean with name 'galleryController' defined in URL [jar:nested:/app/app.jar/!BOOT-INF/classes/!/com/prakashstores/controller/GalleryController.class]: Unsatisfied dependency expressed through constructor parameter 0: Error creating bean with name 'mediaAssetService' defined in URL [jar:nested:/app/app.jar/!BOOT-INF/classes/!/com/prakashstores/service/MediaAssetService.class]: Unsatisfied dependency expressed through constructor parameter 1: Error creating bean with name 'minioStorageService': Invocation of init method failed
app-1  | 	at org.springframework.beans.factory.support.ConstructorResolver.createArgumentArray(ConstructorResolver.java:804) ~[spring-beans-7.0.8.jar!/:7.0.8]
app-1  | 	at org.springframework.beans.factory.support.ConstructorResolver.autowireConstructor(ConstructorResolver.java:240) ~[spring-beans-7.0.8.jar!/:7.0.8]
app-1  | 	at org.springframework.beans.factory.support.AbstractAutowireCapableBeanFactory.autowireConstructor(AbstractAutowireCapableBeanFactory.java:1380) ~[spring-beans-7.0.8.jar!/:7.0.8]
app-1  | 	at org.springframework.beans.factory.support.AbstractAutowireCapableBeanFactory.createBeanInstance(AbstractAutowireCapableBeanFactory.java:1219) ~[spring-beans-7.0.8.jar!/:7.0.8]
app-1  | 	at org.springframework.beans.factory.support.AbstractAutowireCapableBeanFactory.doCreateBean(AbstractAutowireCapableBeanFactory.java:565) ~[spring-beans-7.0.8.jar!/:7.0.8]
app-1  | 	at org.springframework.beans.factory.support.AbstractAutowireCapableBeanFactory.createBean(AbstractAutowireCapableBeanFactory.java:525) ~[spring-beans-7.0.8.jar!/:7.0.8]
app-1  | 	at org.springframework.beans.factory.support.AbstractBeanFactory.lambda$doGetBean$0(AbstractBeanFactory.java:333) ~[spring-beans-7.0.8.jar!/:7.0.8]
app-1  | 	at org.springframework.beans.factory.support.DefaultSingletonBeanRegistry.getSingleton(DefaultSingletonBeanRegistry.java:371) ~[spring-beans-7.0.8.jar!/:7.0.8]
app-1  | 	at org.springframework.beans.factory.support.AbstractBeanFactory.doGetBean(AbstractBeanFactory.java:331) ~[spring-beans-7.0.8.jar!/:7.0.8]
app-1  | 	at org.springframework.beans.factory.support.AbstractBeanFactory.getBean(AbstractBeanFactory.java:196) ~[spring-beans-7.0.8.jar!/:7.0.8]
app-1  | 	at org.springframework.beans.factory.support.DefaultListableBeanFactory.instantiateSingleton(DefaultListableBeanFactory.java:1225) ~[spring-beans-7.0.8.jar!/:7.0.8]
app-1  | 	at org.springframework.beans.factory.support.DefaultListableBeanFactory.preInstantiateSingleton(DefaultListableBeanFactory.java:1191) ~[spring-beans-7.0.8.jar!/:7.0.8]
app-1  | 	at org.springframework.beans.factory.support.DefaultListableBeanFactory.preInstantiateSingletons(DefaultListableBeanFactory.java:1121) ~[spring-beans-7.0.8.jar!/:7.0.8]
app-1  | 	at org.springframework.context.support.AbstractApplicationContext.finishBeanFactoryInitialization(AbstractApplicationContext.java:994) ~[spring-context-7.0.8.jar!/:7.0.8]
app-1  | 	at org.springframework.context.support.AbstractApplicationContext.refresh(AbstractApplicationContext.java:621) ~[spring-context-7.0.8.jar!/:7.0.8]
app-1  | 	at org.springframework.boot.web.server.servlet.context.ServletWebServerApplicationContext.refresh(ServletWebServerApplicationContext.java:143) ~[spring-boot-web-server-4.1.0.jar!/:4.1.0]
app-1  | 	at org.springframework.boot.SpringApplication.refresh(SpringApplication.java:756) ~[spring-boot-4.1.0.jar!/:4.1.0]
app-1  | 	at org.springframework.boot.SpringApplication.refreshContext(SpringApplication.java:445) ~[spring-boot-4.1.0.jar!/:4.1.0]
app-1  | 	at org.springframework.boot.SpringApplication.run(SpringApplication.java:321) ~[spring-boot-4.1.0.jar!/:4.1.0]
app-1  | 	at org.springframework.boot.SpringApplication.run(SpringApplication.java:1365) ~[spring-boot-4.1.0.jar!/:4.1.0]
app-1  | 	at org.springframework.boot.SpringApplication.run(SpringApplication.java:1354) ~[spring-boot-4.1.0.jar!/:4.1.0]
app-1  | 	at com.prakashstores.PrakashStoresApplication.main(PrakashStoresApplication.java:9) ~[!/:0.0.1-SNAPSHOT]
app-1  | 	at java.base/jdk.internal.reflect.NativeMethodAccessorImpl.invoke0(Native Method) ~[na:na]
app-1  | 	at java.base/jdk.internal.reflect.NativeMethodAccessorImpl.invoke(Unknown Source) ~[na:na]
app-1  | 	at java.base/jdk.internal.reflect.DelegatingMethodAccessorImpl.invoke(Unknown Source) ~[na:na]
app-1  | 	at java.base/java.lang.reflect.Method.invoke(Unknown Source) ~[na:na]
app-1  | 	at org.springframework.boot.loader.launch.Launcher.launch(Launcher.java:106) ~[app.jar:0.0.1-SNAPSHOT]
app-1  | 	at org.springframework.boot.loader.launch.Launcher.launch(Launcher.java:64) ~[app.jar:0.0.1-SNAPSHOT]
app-1  | 	at org.springframework.boot.loader.launch.JarLauncher.main(JarLauncher.java:40) ~[app.jar:0.0.1-SNAPSHOT]
app-1  | Caused by: org.springframework.beans.factory.UnsatisfiedDependencyException: Error creating bean with name 'mediaAssetService' defined in URL [jar:nested:/app/app.jar/!BOOT-INF/classes/!/com/prakashstores/service/MediaAssetService.class]: Unsatisfied dependency expressed through constructor parameter 1: Error creating bean with name 'minioStorageService': Invocation of init method failed
app-1  | 	at org.springframework.beans.factory.support.ConstructorResolver.createArgumentArray(ConstructorResolver.java:804) ~[spring-beans-7.0.8.jar!/:7.0.8]
app-1  | 	at org.springframework.beans.factory.support.ConstructorResolver.autowireConstructor(ConstructorResolver.java:240) ~[spring-beans-7.0.8.jar!/:7.0.8]
app-1  | 	at org.springframework.beans.factory.support.AbstractAutowireCapableBeanFactory.autowireConstructor(AbstractAutowireCapableBeanFactory.java:1380) ~[spring-beans-7.0.8.jar!/:7.0.8]
app-1  | 	at org.springframework.beans.factory.support.AbstractAutowireCapableBeanFactory.createBeanInstance(AbstractAutowireCapableBeanFactory.java:1219) ~[spring-beans-7.0.8.jar!/:7.0.8]
app-1  | 	at org.springframework.beans.factory.support.AbstractAutowireCapableBeanFactory.doCreateBean(AbstractAutowireCapableBeanFactory.java:565) ~[spring-beans-7.0.8.jar!/:7.0.8]
app-1  | 	at org.springframework.beans.factory.support.AbstractAutowireCapableBeanFactory.createBean(AbstractAutowireCapableBeanFactory.java:525) ~[spring-beans-7.0.8.jar!/:7.0.8]
app-1  | 	at org.springframework.beans.factory.support.AbstractBeanFactory.lambda$doGetBean$0(AbstractBeanFactory.java:333) ~[spring-beans-7.0.8.jar!/:7.0.8]
app-1  | 	at org.springframework.beans.factory.support.DefaultSingletonBeanRegistry.getSingleton(DefaultSingletonBeanRegistry.java:371) ~[spring-beans-7.0.8.jar!/:7.0.8]
app-1  | 	at org.springframework.beans.factory.support.AbstractBeanFactory.doGetBean(AbstractBeanFactory.java:331) ~[spring-beans-7.0.8.jar!/:7.0.8]
app-1  | 	at org.springframework.beans.factory.support.AbstractBeanFactory.getBean(AbstractBeanFactory.java:201) ~[spring-beans-7.0.8.jar!/:7.0.8]
app-1  | 	at org.springframework.beans.factory.support.DefaultListableBeanFactory.resolveBean(DefaultListableBeanFactory.java:1232) ~[spring-beans-7.0.8.jar!/:7.0.8]
app-1  | 	at org.springframework.beans.factory.support.DefaultListableBeanFactory.doResolveDependency(DefaultListableBeanFactory.java:1711) ~[spring-beans-7.0.8.jar!/:7.0.8]
app-1  | 	at org.springframework.beans.factory.support.DefaultListableBeanFactory.resolveDependency(DefaultListableBeanFactory.java:1658) ~[spring-beans-7.0.8.jar!/:7.0.8]
app-1  | 	at org.springframework.beans.factory.support.ConstructorResolver.resolveAutowiredArgument(ConstructorResolver.java:912) ~[spring-beans-7.0.8.jar!/:7.0.8]
app-1  | 	at org.springframework.beans.factory.support.ConstructorResolver.createArgumentArray(ConstructorResolver.java:791) ~[spring-beans-7.0.8.jar!/:7.0.8]
app-1  | 	... 28 common frames omitted
app-1  | Caused by: org.springframework.beans.factory.BeanCreationException: Error creating bean with name 'minioStorageService': Invocation of init method failed
app-1  | 	at org.springframework.beans.factory.annotation.InitDestroyAnnotationBeanPostProcessor.postProcessBeforeInitialization(InitDestroyAnnotationBeanPostProcessor.java:220) ~[spring-beans-7.0.8.jar!/:7.0.8]
app-1  | 	at org.springframework.beans.factory.support.AbstractAutowireCapableBeanFactory.applyBeanPostProcessorsBeforeInitialization(AbstractAutowireCapableBeanFactory.java:426) ~[spring-beans-7.0.8.jar!/:7.0.8]
app-1  | 	at org.springframework.beans.factory.support.AbstractAutowireCapableBeanFactory.initializeBean(AbstractAutowireCapableBeanFactory.java:1807) ~[spring-beans-7.0.8.jar!/:7.0.8]
app-1  | 	at org.springframework.beans.factory.support.AbstractAutowireCapableBeanFactory.doCreateBean(AbstractAutowireCapableBeanFactory.java:603) ~[spring-beans-7.0.8.jar!/:7.0.8]
app-1  | 	at org.springframework.beans.factory.support.AbstractAutowireCapableBeanFactory.createBean(AbstractAutowireCapableBeanFactory.java:525) ~[spring-beans-7.0.8.jar!/:7.0.8]
app-1  | 	at org.springframework.beans.factory.support.AbstractBeanFactory.lambda$doGetBean$0(AbstractBeanFactory.java:333) ~[spring-beans-7.0.8.jar!/:7.0.8]
app-1  | 	at org.springframework.beans.factory.support.DefaultSingletonBeanRegistry.getSingleton(DefaultSingletonBeanRegistry.java:371) ~[spring-beans-7.0.8.jar!/:7.0.8]
app-1  | 	at org.springframework.beans.factory.support.AbstractBeanFactory.doGetBean(AbstractBeanFactory.java:331) ~[spring-beans-7.0.8.jar!/:7.0.8]
app-1  | 	at org.springframework.beans.factory.support.AbstractBeanFactory.getBean(AbstractBeanFactory.java:201) ~[spring-beans-7.0.8.jar!/:7.0.8]
app-1  | 	at org.springframework.beans.factory.config.DependencyDescriptor.resolveCandidate(DependencyDescriptor.java:229) ~[spring-beans-7.0.8.jar!/:7.0.8]
app-1  | 	at org.springframework.beans.factory.support.DefaultListableBeanFactory.doResolveDependency(DefaultListableBeanFactory.java:1769) ~[spring-beans-7.0.8.jar!/:7.0.8]
app-1  | 	at org.springframework.beans.factory.support.DefaultListableBeanFactory.resolveDependency(DefaultListableBeanFactory.java:1658) ~[spring-beans-7.0.8.jar!/:7.0.8]
app-1  | 	at org.springframework.beans.factory.support.ConstructorResolver.resolveAutowiredArgument(ConstructorResolver.java:912) ~[spring-beans-7.0.8.jar!/:7.0.8]
app-1  | 	at org.springframework.beans.factory.support.ConstructorResolver.createArgumentArray(ConstructorResolver.java:791) ~[spring-beans-7.0.8.jar!/:7.0.8]
app-1  | 	... 42 common frames omitted
app-1  | Caused by: software.amazon.awssdk.core.exception.SdkClientException: Received an UnknownHostException when attempting to interact with a service. See cause for the exact endpoint that is failing to resolve. If this is happening on an endpoint that previously worked, there may be a network connectivity issue or your DNS cache could be storing endpoints for too long.
app-1  | 	at software.amazon.awssdk.core.exception.SdkClientException$BuilderImpl.build(SdkClientException.java:130) ~[sdk-core-2.31.6.jar!/:na]
app-1  | 	at software.amazon.awssdk.awscore.interceptor.HelpfulUnknownHostExceptionInterceptor.modifyException(HelpfulUnknownHostExceptionInterceptor.java:59) ~[aws-core-2.31.6.jar!/:na]
app-1  | 	at software.amazon.awssdk.core.interceptor.ExecutionInterceptorChain.modifyException(ExecutionInterceptorChain.java:181) ~[sdk-core-2.31.6.jar!/:na]
app-1  | 	at software.amazon.awssdk.core.internal.http.pipeline.stages.utils.ExceptionReportingUtils.runModifyException(ExceptionReportingUtils.java:54) ~[sdk-core-2.31.6.jar!/:na]
app-1  | 	at software.amazon.awssdk.core.internal.http.pipeline.stages.utils.ExceptionReportingUtils.reportFailureToInterceptors(ExceptionReportingUtils.java:38) ~[sdk-core-2.31.6.jar!/:na]
app-1  | 	at software.amazon.awssdk.core.internal.http.pipeline.stages.ExecutionFailureExceptionReportingStage.execute(ExecutionFailureExceptionReportingStage.java:39) ~[sdk-core-2.31.6.jar!/:na]
app-1  | 	at software.amazon.awssdk.core.internal.http.pipeline.stages.ExecutionFailureExceptionReportingStage.execute(ExecutionFailureExceptionReportingStage.java:26) ~[sdk-core-2.31.6.jar!/:na]
app-1  | 	at software.amazon.awssdk.core.internal.http.AmazonSyncHttpClient$RequestExecutionBuilderImpl.execute(AmazonSyncHttpClient.java:210) ~[sdk-core-2.31.6.jar!/:na]
app-1  | 	at software.amazon.awssdk.core.internal.handler.BaseSyncClientHandler.invoke(BaseSyncClientHandler.java:103) ~[sdk-core-2.31.6.jar!/:na]
app-1  | 	at software.amazon.awssdk.core.internal.handler.BaseSyncClientHandler.doExecute(BaseSyncClientHandler.java:173) ~[sdk-core-2.31.6.jar!/:na]
app-1  | 	at software.amazon.awssdk.core.internal.handler.BaseSyncClientHandler.lambda$execute$1(BaseSyncClientHandler.java:80) ~[sdk-core-2.31.6.jar!/:na]
app-1  | 	at software.amazon.awssdk.core.internal.handler.BaseSyncClientHandler.measureApiCallSuccess(BaseSyncClientHandler.java:182) ~[sdk-core-2.31.6.jar!/:na]
app-1  | 	at software.amazon.awssdk.core.internal.handler.BaseSyncClientHandler.execute(BaseSyncClientHandler.java:74) ~[sdk-core-2.31.6.jar!/:na]
app-1  | 	at software.amazon.awssdk.core.client.handler.SdkSyncClientHandler.execute(SdkSyncClientHandler.java:45) ~[sdk-core-2.31.6.jar!/:na]
app-1  | 	at software.amazon.awssdk.awscore.client.handler.AwsSyncClientHandler.execute(AwsSyncClientHandler.java:53) ~[aws-core-2.31.6.jar!/:na]
app-1  | 	at software.amazon.awssdk.services.s3.DefaultS3Client.headBucket(DefaultS3Client.java:6818) ~[s3-2.31.6.jar!/:na]
app-1  | 	at software.amazon.awssdk.services.s3.S3Client.headBucket(S3Client.java:12933) ~[s3-2.31.6.jar!/:na]
app-1  | 	at com.prakashstores.storage.MinioStorageService.ensureBucket(MinioStorageService.java:40) ~[!/:0.0.1-SNAPSHOT]
app-1  | 	at java.base/jdk.internal.reflect.NativeMethodAccessorImpl.invoke0(Native Method) ~[na:na]
app-1  | 	at java.base/jdk.internal.reflect.NativeMethodAccessorImpl.invoke(Unknown Source) ~[na:na]
app-1  | 	at java.base/jdk.internal.reflect.DelegatingMethodAccessorImpl.invoke(Unknown Source) ~[na:na]
app-1  | 	at java.base/java.lang.reflect.Method.invoke(Unknown Source) ~[na:na]
app-1  | 	at org.springframework.beans.factory.annotation.InitDestroyAnnotationBeanPostProcessor$LifecycleMethod.invoke(InitDestroyAnnotationBeanPostProcessor.java:453) ~[spring-beans-7.0.8.jar!/:7.0.8]
app-1  | 	at org.springframework.beans.factory.annotation.InitDestroyAnnotationBeanPostProcessor$LifecycleMetadata.invokeInitMethods(InitDestroyAnnotationBeanPostProcessor.java:397) ~[spring-beans-7.0.8.jar!/:7.0.8]
app-1  | 	at org.springframework.beans.factory.annotation.InitDestroyAnnotationBeanPostProcessor.postProcessBeforeInitialization(InitDestroyAnnotationBeanPostProcessor.java:217) ~[spring-beans-7.0.8.jar!/:7.0.8]
app-1  | 	... 55 common frames omitted
app-1  | Caused by: software.amazon.awssdk.core.exception.SdkClientException: Unable to execute HTTP request: minio (SDK Attempt Count: 4)
app-1  | 	at software.amazon.awssdk.core.exception.SdkClientException$BuilderImpl.build(SdkClientException.java:130) ~[sdk-core-2.31.6.jar!/:na]
app-1  | 	at software.amazon.awssdk.core.exception.SdkClientException$BuilderImpl.build(SdkClientException.java:95) ~[sdk-core-2.31.6.jar!/:na]
app-1  | 	at software.amazon.awssdk.core.internal.http.pipeline.stages.utils.RetryableStageHelper.retryPolicyDisallowedRetryException(RetryableStageHelper.java:168) ~[sdk-core-2.31.6.jar!/:na]
app-1  | 	at software.amazon.awssdk.core.internal.http.pipeline.stages.RetryableStage.execute(RetryableStage.java:73) ~[sdk-core-2.31.6.jar!/:na]
app-1  | 	at software.amazon.awssdk.core.internal.http.pipeline.stages.RetryableStage.execute(RetryableStage.java:36) ~[sdk-core-2.31.6.jar!/:na]
app-1  | 	at software.amazon.awssdk.core.internal.http.pipeline.RequestPipelineBuilder$ComposingRequestPipelineStage.execute(RequestPipelineBuilder.java:206) ~[sdk-core-2.31.6.jar!/:na]
app-1  | 	at software.amazon.awssdk.core.internal.http.StreamManagingStage.execute(StreamManagingStage.java:53) ~[sdk-core-2.31.6.jar!/:na]
app-1  | 	at software.amazon.awssdk.core.internal.http.StreamManagingStage.execute(StreamManagingStage.java:35) ~[sdk-core-2.31.6.jar!/:na]
app-1  | 	at software.amazon.awssdk.core.internal.http.pipeline.stages.ApiCallTimeoutTrackingStage.executeWithTimer(ApiCallTimeoutTrackingStage.java:82) ~[sdk-core-2.31.6.jar!/:na]
app-1  | 	at software.amazon.awssdk.core.internal.http.pipeline.stages.ApiCallTimeoutTrackingStage.execute(ApiCallTimeoutTrackingStage.java:62) ~[sdk-core-2.31.6.jar!/:na]
app-1  | 	at software.amazon.awssdk.core.internal.http.pipeline.stages.ApiCallTimeoutTrackingStage.execute(ApiCallTimeoutTrackingStage.java:43) ~[sdk-core-2.31.6.jar!/:na]
app-1  | 	at software.amazon.awssdk.core.internal.http.pipeline.stages.ApiCallMetricCollectionStage.execute(ApiCallMetricCollectionStage.java:50) ~[sdk-core-2.31.6.jar!/:na]
app-1  | 	at software.amazon.awssdk.core.internal.http.pipeline.stages.ApiCallMetricCollectionStage.execute(ApiCallMetricCollectionStage.java:32) ~[sdk-core-2.31.6.jar!/:na]
app-1  | 	at software.amazon.awssdk.core.internal.http.pipeline.RequestPipelineBuilder$ComposingRequestPipelineStage.execute(RequestPipelineBuilder.java:206) ~[sdk-core-2.31.6.jar!/:na]
app-1  | 	at software.amazon.awssdk.core.internal.http.pipeline.RequestPipelineBuilder$ComposingRequestPipelineStage.execute(RequestPipelineBuilder.java:206) ~[sdk-core-2.31.6.jar!/:na]
app-1  | 	at software.amazon.awssdk.core.internal.http.pipeline.stages.ExecutionFailureExceptionReportingStage.execute(ExecutionFailureExceptionReportingStage.java:37) ~[sdk-core-2.31.6.jar!/:na]
app-1  | 	... 74 common frames omitted
app-1  | 	Suppressed: software.amazon.awssdk.core.exception.SdkClientException: Request attempt 1 failure: Unable to execute HTTP request: minio: Name or service not known
app-1  | 	Suppressed: software.amazon.awssdk.core.exception.SdkClientException: Request attempt 2 failure: Unable to execute HTTP request: minio
app-1  | 	Suppressed: software.amazon.awssdk.core.exception.SdkClientException: Request attempt 3 failure: Unable to execute HTTP request: minio
app-1  | Caused by: java.net.UnknownHostException: minio
app-1  | 	at java.base/java.net.InetAddress$CachedAddresses.get(Unknown Source) ~[na:na]
app-1  | 	at java.base/java.net.InetAddress.getAllByName0(Unknown Source) ~[na:na]
app-1  | 	at java.base/java.net.InetAddress.getAllByName(Unknown Source) ~[na:na]
app-1  | 	at java.base/java.net.InetAddress.getAllByName(Unknown Source) ~[na:na]
app-1  | 	at org.apache.http.impl.conn.SystemDefaultDnsResolver.resolve(SystemDefaultDnsResolver.java:45) ~[httpclient-4.5.13.jar!/:4.5.13]
app-1  | 	at org.apache.http.impl.conn.DefaultHttpClientConnectionOperator.connect(DefaultHttpClientConnectionOperator.java:112) ~[httpclient-4.5.13.jar!/:4.5.13]
app-1  | 	at org.apache.http.impl.conn.PoolingHttpClientConnectionManager.connect(PoolingHttpClientConnectionManager.java:376) ~[httpclient-4.5.13.jar!/:4.5.13]
app-1  | 	at software.amazon.awssdk.http.apache.internal.conn.ClientConnectionManagerFactory$DelegatingHttpClientConnectionManager.connect(ClientConnectionManagerFactory.java:86) ~[apache-client-2.31.6.jar!/:na]
app-1  | 	at org.apache.http.impl.execchain.MainClientExec.establishRoute(MainClientExec.java:393) ~[httpclient-4.5.13.jar!/:4.5.13]
app-1  | 	at org.apache.http.impl.execchain.MainClientExec.execute(MainClientExec.java:236) ~[httpclient-4.5.13.jar!/:4.5.13]
app-1  | 	at org.apache.http.impl.execchain.ProtocolExec.execute(ProtocolExec.java:186) ~[httpclient-4.5.13.jar!/:4.5.13]
app-1  | 	at org.apache.http.impl.client.InternalHttpClient.doExecute(InternalHttpClient.java:185) ~[httpclient-4.5.13.jar!/:4.5.13]
app-1  | 	at org.apache.http.impl.client.CloseableHttpClient.execute(CloseableHttpClient.java:83) ~[httpclient-4.5.13.jar!/:4.5.13]
app-1  | 	at org.apache.http.impl.client.CloseableHttpClient.execute(CloseableHttpClient.java:56) ~[httpclient-4.5.13.jar!/:4.5.13]
app-1  | 	at software.amazon.awssdk.http.apache.internal.impl.ApacheSdkHttpClient.execute(ApacheSdkHttpClient.java:72) ~[apache-client-2.31.6.jar!/:na]
app-1  | 	at software.amazon.awssdk.http.apache.ApacheHttpClient.execute(ApacheHttpClient.java:259) ~[apache-client-2.31.6.jar!/:na]
app-1  | 	at software.amazon.awssdk.http.apache.ApacheHttpClient.access$600(ApacheHttpClient.java:104) ~[apache-client-2.31.6.jar!/:na]
app-1  | 	at software.amazon.awssdk.http.apache.ApacheHttpClient$1.call(ApacheHttpClient.java:236) ~[apache-client-2.31.6.jar!/:na]
app-1  | 	at software.amazon.awssdk.http.apache.ApacheHttpClient$1.call(ApacheHttpClient.java:233) ~[apache-client-2.31.6.jar!/:na]
app-1  | 	at software.amazon.awssdk.core.internal.util.MetricUtils.measureDurationUnsafe(MetricUtils.java:102) ~[sdk-core-2.31.6.jar!/:na]
app-1  | 	at software.amazon.awssdk.core.internal.http.pipeline.stages.MakeHttpRequestStage.executeHttpRequest(MakeHttpRequestStage.java:88) ~[sdk-core-2.31.6.jar!/:na]
app-1  | 	at software.amazon.awssdk.core.internal.http.pipeline.stages.MakeHttpRequestStage.execute(MakeHttpRequestStage.java:64) ~[sdk-core-2.31.6.jar!/:na]
app-1  | 	at software.amazon.awssdk.core.internal.http.pipeline.stages.MakeHttpRequestStage.execute(MakeHttpRequestStage.java:46) ~[sdk-core-2.31.6.jar!/:na]
app-1  | 	at software.amazon.awssdk.core.internal.http.pipeline.RequestPipelineBuilder$ComposingRequestPipelineStage.execute(RequestPipelineBuilder.java:206) ~[sdk-core-2.31.6.jar!/:na]
app-1  | 	at software.amazon.awssdk.core.internal.http.pipeline.RequestPipelineBuilder$ComposingRequestPipelineStage.execute(RequestPipelineBuilder.java:206) ~[sdk-core-2.31.6.jar!/:na]
app-1  | 	at software.amazon.awssdk.core.internal.http.pipeline.RequestPipelineBuilder$ComposingRequestPipelineStage.execute(RequestPipelineBuilder.java:206) ~[sdk-core-2.31.6.jar!/:na]
app-1  | 	at software.amazon.awssdk.core.internal.http.pipeline.RequestPipelineBuilder$ComposingRequestPipelineStage.execute(RequestPipelineBuilder.java:206) ~[sdk-core-2.31.6.jar!/:na]
app-1  | 	at software.amazon.awssdk.core.internal.http.pipeline.stages.ApiCallAttemptTimeoutTrackingStage.execute(ApiCallAttemptTimeoutTrackingStage.java:74) ~[sdk-core-2.31.6.jar!/:na]
app-1  | 	at software.amazon.awssdk.core.internal.http.pipeline.stages.ApiCallAttemptTimeoutTrackingStage.execute(ApiCallAttemptTimeoutTrackingStage.java:43) ~[sdk-core-2.31.6.jar!/:na]
app-1  | 	at software.amazon.awssdk.core.internal.http.pipeline.stages.TimeoutExceptionHandlingStage.execute(TimeoutExceptionHandlingStage.java:79) ~[sdk-core-2.31.6.jar!/:na]
app-1  | 	at software.amazon.awssdk.core.internal.http.pipeline.stages.TimeoutExceptionHandlingStage.execute(TimeoutExceptionHandlingStage.java:41) ~[sdk-core-2.31.6.jar!/:na]
app-1  | 	at software.amazon.awssdk.core.internal.http.pipeline.stages.ApiCallAttemptMetricCollectionStage.execute(ApiCallAttemptMetricCollectionStage.java:55) ~[sdk-core-2.31.6.jar!/:na]
app-1  | 	at software.amazon.awssdk.core.internal.http.pipeline.stages.ApiCallAttemptMetricCollectionStage.execute(ApiCallAttemptMetricCollectionStage.java:39) ~[sdk-core-2.31.6.jar!/:na]
app-1  | 	at software.amazon.awssdk.core.internal.http.pipeline.stages.RetryableStage.executeRequest(RetryableStage.java:93) ~[sdk-core-2.31.6.jar!/:na]
app-1  | 	at software.amazon.awssdk.core.internal.http.pipeline.stages.RetryableStage.execute(RetryableStage.java:56) ~[sdk-core-2.31.6.jar!/:na]
app-1  | 	... 86 common frames omitted
app-1  | 
app-1  | 
app-1  |   .   ____          _            __ _ _
app-1  |  /\\ / ___'_ __ _ _(_)_ __  __ _ \ \ \ \
app-1  | ( ( )\___ | '_ | '_| | '_ \/ _` | \ \ \ \
app-1  |  \\/  ___)| |_)| | | | | || (_| |  ) ) ) )
app-1  |   '  |____| .__|_| |_|_| |_\__, | / / / /
app-1  |  =========|_|==============|___/=/_/_/_/
app-1  | 
app-1  |  :: Spring Boot ::                (v4.1.0)
app-1  | 
app-1  | 2026-09-13T08:06:32.366Z  INFO 1 --- [prakashstores] [           main] c.p.PrakashStoresApplication             : Starting PrakashStoresApplication v0.0.1-SNAPSHOT using Java 17.0.19 with PID 1 (/app/app.jar started by app in /app)
app-1  | 2026-09-13T08:06:32.367Z  INFO 1 --- [prakashstores] [           main] c.p.PrakashStoresApplication             : No active profile set, falling back to 1 default profile: "default"
app-1  | 2026-09-13T08:06:32.789Z  INFO 1 --- [prakashstores] [           main] .s.d.r.c.RepositoryConfigurationDelegate : Bootstrapping Spring Data JPA repositories in DEFAULT mode.
app-1  | 2026-09-13T08:06:32.820Z  INFO 1 --- [prakashstores] [           main] .s.d.r.c.RepositoryConfigurationDelegate : Finished Spring Data repository scanning in 27 ms. Found 12 JPA repository interfaces.
app-1  | 2026-09-13T08:06:33.088Z  INFO 1 --- [prakashstores] [           main] o.s.boot.tomcat.TomcatWebServer          : Tomcat initialized with port 8080 (http)
app-1  | 2026-09-13T08:06:33.095Z  INFO 1 --- [prakashstores] [           main] o.apache.catalina.core.StandardService   : Starting service [Tomcat]
app-1  | 2026-09-13T08:06:33.096Z  INFO 1 --- [prakashstores] [           main] o.apache.catalina.core.StandardEngine    : Starting Servlet engine: [Apache Tomcat/11.0.22]
app-1  | 2026-09-13T08:06:33.108Z  INFO 1 --- [prakashstores] [           main] b.w.c.s.WebApplicationContextInitializer : Root WebApplicationContext: initialization completed in 713 ms
app-1  | 2026-09-13T08:06:33.237Z  INFO 1 --- [prakashstores] [           main] org.hibernate.orm.jpa                    : HHH008540: Processing PersistenceUnitInfo [name: default]
app-1  | 2026-09-13T08:06:33.261Z  INFO 1 --- [prakashstores] [           main] org.hibernate.orm.core                   : HHH000001: Hibernate ORM core version 7.4.1.Final
app-1  | 2026-09-13T08:06:33.440Z  INFO 1 --- [prakashstores] [           main] o.s.o.j.p.SpringPersistenceUnitInfo      : No LoadTimeWeaver setup: ignoring JPA class transformer
app-1  | 2026-09-13T08:06:33.452Z  INFO 1 --- [prakashstores] [           main] com.zaxxer.hikari.HikariDataSource       : HikariPool-1 - Starting...
app-1  | 2026-09-13T08:06:33.539Z  INFO 1 --- [prakashstores] [           main] com.zaxxer.hikari.pool.HikariPool        : HikariPool-1 - Added connection org.postgresql.jdbc.PgConnection@8d7718e
app-1  | 2026-09-13T08:06:33.540Z  INFO 1 --- [prakashstores] [           main] com.zaxxer.hikari.HikariDataSource       : HikariPool-1 - Start completed.
app-1  | 2026-09-13T08:06:33.553Z  WARN 1 --- [prakashstores] [           main] org.hibernate.orm.deprecation            : HHH90000025: PostgreSQLDialect does not need to be specified explicitly using 'hibernate.dialect' (remove the property setting and it will be selected by default)
app-1  | 2026-09-13T08:06:33.562Z  INFO 1 --- [prakashstores] [           main] org.hibernate.orm.connections.pooling    : HHH10001005: Database info:
app-1  | 	Database JDBC URL [jdbc:postgresql://db:5432/prakashstores]
app-1  | 	Database driver: PostgreSQL JDBC Driver
app-1  | 	Database dialect: PostgreSQLDialect
app-1  | 	Database version: 16.15
app-1  | 	Default catalog/schema: prakashstores/public
app-1  | 	Autocommit mode: undefined/unknown
app-1  | 	Isolation level: READ_COMMITTED [default READ_COMMITTED]
app-1  | 	JDBC fetch size: none
app-1  | 	Pool: DataSourceConnectionProvider
app-1  | 	Minimum pool size: undefined/unknown
app-1  | 	Maximum pool size: undefined/unknown
app-1  | 2026-09-13T08:06:34.059Z  INFO 1 --- [prakashstores] [           main] org.hibernate.orm.core                   : HHH000489: No JTA platform available (set 'hibernate.transaction.jta.platform' to enable JTA platform integration)
app-1  | 2026-09-13T08:06:34.092Z  INFO 1 --- [prakashstores] [           main] j.LocalContainerEntityManagerFactoryBean : Initialized JPA EntityManagerFactory for persistence unit 'default'
app-1  | 2026-09-13T08:06:34.125Z  INFO 1 --- [prakashstores] [           main] o.s.d.j.r.query.QueryEnhancerFactories   : Hibernate is in classpath; If applicable, HQL parser will be used.
app-1  | 2026-09-13T08:06:34.220Z  INFO 1 --- [prakashstores] [           main] eAuthenticationProviderManagerConfigurer : Global AuthenticationManager configured with AuthenticationProvider bean with name authenticationProvider
app-1  | 2026-09-13T08:06:34.220Z  WARN 1 --- [prakashstores] [           main] r$InitializeUserDetailsManagerConfigurer : Global AuthenticationManager configured with an AuthenticationProvider bean. UserDetailsService beans will not be used by Spring Security for automatically configuring username/password login. Consider removing the AuthenticationProvider bean. Alternatively, consider using the UserDetailsService in a manually instantiated DaoAuthenticationProvider. If the current configuration is intentional, to turn off this warning, increase the logging level of 'org.springframework.security.config.annotation.authentication.configuration.InitializeUserDetailsBeanManagerConfigurer' to ERROR
app-1  | 2026-09-13T08:06:34.712Z  WARN 1 --- [prakashstores] [           main] ConfigServletWebServerApplicationContext : Exception encountered during context initialization - cancelling refresh attempt: org.springframework.beans.factory.UnsatisfiedDependencyException: Error creating bean with name 'galleryController' defined in URL [jar:nested:/app/app.jar/!BOOT-INF/classes/!/com/prakashstores/controller/GalleryController.class]: Unsatisfied dependency expressed through constructor parameter 0: Error creating bean with name 'mediaAssetService' defined in URL [jar:nested:/app/app.jar/!BOOT-INF/classes/!/com/prakashstores/service/MediaAssetService.class]: Unsatisfied dependency expressed through constructor parameter 1: Error creating bean with name 'minioStorageService': Invocation of init method failed
app-1  | 2026-09-13T08:06:34.713Z  INFO 1 --- [prakashstores] [           main] j.LocalContainerEntityManagerFactoryBean : Closing JPA EntityManagerFactory for persistence unit 'default'
app-1  | 2026-09-13T08:06:34.716Z  INFO 1 --- [prakashstores] [           main] com.zaxxer.hikari.HikariDataSource       : HikariPool-1 - Shutdown initiated...
app-1  | 2026-09-13T08:06:34.718Z  INFO 1 --- [prakashstores] [           main] com.zaxxer.hikari.HikariDataSource       : HikariPool-1 - Shutdown completed.
app-1  | 2026-09-13T08:06:34.720Z  INFO 1 --- [prakashstores] [           main] o.apache.catalina.core.StandardService   : Stopping service [Tomcat]
app-1  | 2026-09-13T08:06:34.728Z  INFO 1 --- [prakashstores] [           main] .s.b.a.l.ConditionEvaluationReportLogger : 
app-1  | 
app-1  | Error starting ApplicationContext. To display the condition evaluation report re-run your application with 'debug' enabled.
app-1  | 2026-09-13T08:06:34.736Z ERROR 1 --- [prakashstores] [           main] o.s.boot.SpringApplication               : Application run failed
app-1  | 
app-1  | org.springframework.beans.factory.UnsatisfiedDependencyException: Error creating bean with name 'galleryController' defined in URL [jar:nested:/app/app.jar/!BOOT-INF/classes/!/com/prakashstores/controller/GalleryController.class]: Unsatisfied dependency expressed through constructor parameter 0: Error creating bean with name 'mediaAssetService' defined in URL [jar:nested:/app/app.jar/!BOOT-INF/classes/!/com/prakashstores/service/MediaAssetService.class]: Unsatisfied dependency expressed through constructor parameter 1: Error creating bean with name 'minioStorageService': Invocation of init method failed
app-1  | 	at org.springframework.beans.factory.support.ConstructorResolver.createArgumentArray(ConstructorResolver.java:804) ~[spring-beans-7.0.8.jar!/:7.0.8]
app-1  | 	at org.springframework.beans.factory.support.ConstructorResolver.autowireConstructor(ConstructorResolver.java:240) ~[spring-beans-7.0.8.jar!/:7.0.8]
app-1  | 	at org.springframework.beans.factory.support.AbstractAutowireCapableBeanFactory.autowireConstructor(AbstractAutowireCapableBeanFactory.java:1380) ~[spring-beans-7.0.8.jar!/:7.0.8]
app-1  | 	at org.springframework.beans.factory.support.AbstractAutowireCapableBeanFactory.createBeanInstance(AbstractAutowireCapableBeanFactory.java:1219) ~[spring-beans-7.0.8.jar!/:7.0.8]
app-1  | 	at org.springframework.beans.factory.support.AbstractAutowireCapableBeanFactory.doCreateBean(AbstractAutowireCapableBeanFactory.java:565) ~[spring-beans-7.0.8.jar!/:7.0.8]
app-1  | 	at org.springframework.beans.factory.support.AbstractAutowireCapableBeanFactory.createBean(AbstractAutowireCapableBeanFactory.java:525) ~[spring-beans-7.0.8.jar!/:7.0.8]
app-1  | 	at org.springframework.beans.factory.support.AbstractBeanFactory.lambda$doGetBean$0(AbstractBeanFactory.java:333) ~[spring-beans-7.0.8.jar!/:7.0.8]
app-1  | 	at org.springframework.beans.factory.support.DefaultSingletonBeanRegistry.getSingleton(DefaultSingletonBeanRegistry.java:371) ~[spring-beans-7.0.8.jar!/:7.0.8]
app-1  | 	at org.springframework.beans.factory.support.AbstractBeanFactory.doGetBean(AbstractBeanFactory.java:331) ~[spring-beans-7.0.8.jar!/:7.0.8]
app-1  | 	at org.springframework.beans.factory.support.AbstractBeanFactory.getBean(AbstractBeanFactory.java:196) ~[spring-beans-7.0.8.jar!/:7.0.8]
app-1  | 	at org.springframework.beans.factory.support.DefaultListableBeanFactory.instantiateSingleton(DefaultListableBeanFactory.java:1225) ~[spring-beans-7.0.8.jar!/:7.0.8]
app-1  | 	at org.springframework.beans.factory.support.DefaultListableBeanFactory.preInstantiateSingleton(DefaultListableBeanFactory.java:1191) ~[spring-beans-7.0.8.jar!/:7.0.8]
app-1  | 	at org.springframework.beans.factory.support.DefaultListableBeanFactory.preInstantiateSingletons(DefaultListableBeanFactory.java:1121) ~[spring-beans-7.0.8.jar!/:7.0.8]
app-1  | 	at org.springframework.context.support.AbstractApplicationContext.finishBeanFactoryInitialization(AbstractApplicationContext.java:994) ~[spring-context-7.0.8.jar!/:7.0.8]
app-1  | 	at org.springframework.context.support.AbstractApplicationContext.refresh(AbstractApplicationContext.java:621) ~[spring-context-7.0.8.jar!/:7.0.8]
app-1  | 	at org.springframework.boot.web.server.servlet.context.ServletWebServerApplicationContext.refresh(ServletWebServerApplicationContext.java:143) ~[spring-boot-web-server-4.1.0.jar!/:4.1.0]
app-1  | 	at org.springframework.boot.SpringApplication.refresh(SpringApplication.java:756) ~[spring-boot-4.1.0.jar!/:4.1.0]
app-1  | 	at org.springframework.boot.SpringApplication.refreshContext(SpringApplication.java:445) ~[spring-boot-4.1.0.jar!/:4.1.0]
app-1  | 	at org.springframework.boot.SpringApplication.run(SpringApplication.java:321) ~[spring-boot-4.1.0.jar!/:4.1.0]
app-1  | 	at org.springframework.boot.SpringApplication.run(SpringApplication.java:1365) ~[spring-boot-4.1.0.jar!/:4.1.0]
app-1  | 	at org.springframework.boot.SpringApplication.run(SpringApplication.java:1354) ~[spring-boot-4.1.0.jar!/:4.1.0]
app-1  | 	at com.prakashstores.PrakashStoresApplication.main(PrakashStoresApplication.java:9) ~[!/:0.0.1-SNAPSHOT]
app-1  | 	at java.base/jdk.internal.reflect.NativeMethodAccessorImpl.invoke0(Native Method) ~[na:na]
app-1  | 	at java.base/jdk.internal.reflect.NativeMethodAccessorImpl.invoke(Unknown Source) ~[na:na]
app-1  | 	at java.base/jdk.internal.reflect.DelegatingMethodAccessorImpl.invoke(Unknown Source) ~[na:na]
app-1  | 	at java.base/java.lang.reflect.Method.invoke(Unknown Source) ~[na:na]
app-1  | 	at org.springframework.boot.loader.launch.Launcher.launch(Launcher.java:106) ~[app.jar:0.0.1-SNAPSHOT]
app-1  | 	at org.springframework.boot.loader.launch.Launcher.launch(Launcher.java:64) ~[app.jar:0.0.1-SNAPSHOT]
app-1  | 	at org.springframework.boot.loader.launch.JarLauncher.main(JarLauncher.java:40) ~[app.jar:0.0.1-SNAPSHOT]
app-1  | Caused by: org.springframework.beans.factory.UnsatisfiedDependencyException: Error creating bean with name 'mediaAssetService' defined in URL [jar:nested:/app/app.jar/!BOOT-INF/classes/!/com/prakashstores/service/MediaAssetService.class]: Unsatisfied dependency expressed through constructor parameter 1: Error creating bean with name 'minioStorageService': Invocation of init method failed
app-1  | 	at org.springframework.beans.factory.support.ConstructorResolver.createArgumentArray(ConstructorResolver.java:804) ~[spring-beans-7.0.8.jar!/:7.0.8]
app-1  | 	at org.springframework.beans.factory.support.ConstructorResolver.autowireConstructor(ConstructorResolver.java:240) ~[spring-beans-7.0.8.jar!/:7.0.8]
app-1  | 	at org.springframework.beans.factory.support.AbstractAutowireCapableBeanFactory.autowireConstructor(AbstractAutowireCapableBeanFactory.java:1380) ~[spring-beans-7.0.8.jar!/:7.0.8]
app-1  | 	at org.springframework.beans.factory.support.AbstractAutowireCapableBeanFactory.createBeanInstance(AbstractAutowireCapableBeanFactory.java:1219) ~[spring-beans-7.0.8.jar!/:7.0.8]
app-1  | 	at org.springframework.beans.factory.support.AbstractAutowireCapableBeanFactory.doCreateBean(AbstractAutowireCapableBeanFactory.java:565) ~[spring-beans-7.0.8.jar!/:7.0.8]
app-1  | 	at org.springframework.beans.factory.support.AbstractAutowireCapableBeanFactory.createBean(AbstractAutowireCapableBeanFactory.java:525) ~[spring-beans-7.0.8.jar!/:7.0.8]
app-1  | 	at org.springframework.beans.factory.support.AbstractBeanFactory.lambda$doGetBean$0(AbstractBeanFactory.java:333) ~[spring-beans-7.0.8.jar!/:7.0.8]
app-1  | 	at org.springframework.beans.factory.support.DefaultSingletonBeanRegistry.getSingleton(DefaultSingletonBeanRegistry.java:371) ~[spring-beans-7.0.8.jar!/:7.0.8]
app-1  | 	at org.springframework.beans.factory.support.AbstractBeanFactory.doGetBean(AbstractBeanFactory.java:331) ~[spring-beans-7.0.8.jar!/:7.0.8]
app-1  | 	at org.springframework.beans.factory.support.AbstractBeanFactory.getBean(AbstractBeanFactory.java:201) ~[spring-beans-7.0.8.jar!/:7.0.8]
app-1  | 	at org.springframework.beans.factory.support.DefaultListableBeanFactory.resolveBean(DefaultListableBeanFactory.java:1232) ~[spring-beans-7.0.8.jar!/:7.0.8]
app-1  | 	at org.springframework.beans.factory.support.DefaultListableBeanFactory.doResolveDependency(DefaultListableBeanFactory.java:1711) ~[spring-beans-7.0.8.jar!/:7.0.8]
app-1  | 	at org.springframework.beans.factory.support.DefaultListableBeanFactory.resolveDependency(DefaultListableBeanFactory.java:1658) ~[spring-beans-7.0.8.jar!/:7.0.8]
app-1  | 	at org.springframework.beans.factory.support.ConstructorResolver.resolveAutowiredArgument(ConstructorResolver.java:912) ~[spring-beans-7.0.8.jar!/:7.0.8]
app-1  | 	at org.springframework.beans.factory.support.ConstructorResolver.createArgumentArray(ConstructorResolver.java:791) ~[spring-beans-7.0.8.jar!/:7.0.8]
app-1  | 	... 28 common frames omitted
app-1  | Caused by: org.springframework.beans.factory.BeanCreationException: Error creating bean with name 'minioStorageService': Invocation of init method failed
app-1  | 	at org.springframework.beans.factory.annotation.InitDestroyAnnotationBeanPostProcessor.postProcessBeforeInitialization(InitDestroyAnnotationBeanPostProcessor.java:220) ~[spring-beans-7.0.8.jar!/:7.0.8]
app-1  | 	at org.springframework.beans.factory.support.AbstractAutowireCapableBeanFactory.applyBeanPostProcessorsBeforeInitialization(AbstractAutowireCapableBeanFactory.java:426) ~[spring-beans-7.0.8.jar!/:7.0.8]
app-1  | 	at org.springframework.beans.factory.support.AbstractAutowireCapableBeanFactory.initializeBean(AbstractAutowireCapableBeanFactory.java:1807) ~[spring-beans-7.0.8.jar!/:7.0.8]
app-1  | 	at org.springframework.beans.factory.support.AbstractAutowireCapableBeanFactory.doCreateBean(AbstractAutowireCapableBeanFactory.java:603) ~[spring-beans-7.0.8.jar!/:7.0.8]
app-1  | 	at org.springframework.beans.factory.support.AbstractAutowireCapableBeanFactory.createBean(AbstractAutowireCapableBeanFactory.java:525) ~[spring-beans-7.0.8.jar!/:7.0.8]
app-1  | 	at org.springframework.beans.factory.support.AbstractBeanFactory.lambda$doGetBean$0(AbstractBeanFactory.java:333) ~[spring-beans-7.0.8.jar!/:7.0.8]
app-1  | 	at org.springframework.beans.factory.support.DefaultSingletonBeanRegistry.getSingleton(DefaultSingletonBeanRegistry.java:371) ~[spring-beans-7.0.8.jar!/:7.0.8]
app-1  | 	at org.springframework.beans.factory.support.AbstractBeanFactory.doGetBean(AbstractBeanFactory.java:331) ~[spring-beans-7.0.8.jar!/:7.0.8]
app-1  | 	at org.springframework.beans.factory.support.AbstractBeanFactory.getBean(AbstractBeanFactory.java:201) ~[spring-beans-7.0.8.jar!/:7.0.8]
app-1  | 	at org.springframework.beans.factory.config.DependencyDescriptor.resolveCandidate(DependencyDescriptor.java:229) ~[spring-beans-7.0.8.jar!/:7.0.8]
app-1  | 	at org.springframework.beans.factory.support.DefaultListableBeanFactory.doResolveDependency(DefaultListableBeanFactory.java:1769) ~[spring-beans-7.0.8.jar!/:7.0.8]
app-1  | 	at org.springframework.beans.factory.support.DefaultListableBeanFactory.resolveDependency(DefaultListableBeanFactory.java:1658) ~[spring-beans-7.0.8.jar!/:7.0.8]
app-1  | 	at org.springframework.beans.factory.support.ConstructorResolver.resolveAutowiredArgument(ConstructorResolver.java:912) ~[spring-beans-7.0.8.jar!/:7.0.8]
app-1  | 	at org.springframework.beans.factory.support.ConstructorResolver.createArgumentArray(ConstructorResolver.java:791) ~[spring-beans-7.0.8.jar!/:7.0.8]
app-1  | 	... 42 common frames omitted
app-1  | Caused by: software.amazon.awssdk.core.exception.SdkClientException: Received an UnknownHostException when attempting to interact with a service. See cause for the exact endpoint that is failing to resolve. If this is happening on an endpoint that previously worked, there may be a network connectivity issue or your DNS cache could be storing endpoints for too long.
app-1  | 	at software.amazon.awssdk.core.exception.SdkClientException$BuilderImpl.build(SdkClientException.java:130) ~[sdk-core-2.31.6.jar!/:na]
app-1  | 	at software.amazon.awssdk.awscore.interceptor.HelpfulUnknownHostExceptionInterceptor.modifyException(HelpfulUnknownHostExceptionInterceptor.java:59) ~[aws-core-2.31.6.jar!/:na]
app-1  | 	at software.amazon.awssdk.core.interceptor.ExecutionInterceptorChain.modifyException(ExecutionInterceptorChain.java:181) ~[sdk-core-2.31.6.jar!/:na]
app-1  | 	at software.amazon.awssdk.core.internal.http.pipeline.stages.utils.ExceptionReportingUtils.runModifyException(ExceptionReportingUtils.java:54) ~[sdk-core-2.31.6.jar!/:na]
app-1  | 	at software.amazon.awssdk.core.internal.http.pipeline.stages.utils.ExceptionReportingUtils.reportFailureToInterceptors(ExceptionReportingUtils.java:38) ~[sdk-core-2.31.6.jar!/:na]
app-1  | 	at software.amazon.awssdk.core.internal.http.pipeline.stages.ExecutionFailureExceptionReportingStage.execute(ExecutionFailureExceptionReportingStage.java:39) ~[sdk-core-2.31.6.jar!/:na]
app-1  | 	at software.amazon.awssdk.core.internal.http.pipeline.stages.ExecutionFailureExceptionReportingStage.execute(ExecutionFailureExceptionReportingStage.java:26) ~[sdk-core-2.31.6.jar!/:na]
app-1  | 	at software.amazon.awssdk.core.internal.http.AmazonSyncHttpClient$RequestExecutionBuilderImpl.execute(AmazonSyncHttpClient.java:210) ~[sdk-core-2.31.6.jar!/:na]
app-1  | 	at software.amazon.awssdk.core.internal.handler.BaseSyncClientHandler.invoke(BaseSyncClientHandler.java:103) ~[sdk-core-2.31.6.jar!/:na]
app-1  | 	at software.amazon.awssdk.core.internal.handler.BaseSyncClientHandler.doExecute(BaseSyncClientHandler.java:173) ~[sdk-core-2.31.6.jar!/:na]
app-1  | 	at software.amazon.awssdk.core.internal.handler.BaseSyncClientHandler.lambda$execute$1(BaseSyncClientHandler.java:80) ~[sdk-core-2.31.6.jar!/:na]
app-1  | 	at software.amazon.awssdk.core.internal.handler.BaseSyncClientHandler.measureApiCallSuccess(BaseSyncClientHandler.java:182) ~[sdk-core-2.31.6.jar!/:na]
app-1  | 	at software.amazon.awssdk.core.internal.handler.BaseSyncClientHandler.execute(BaseSyncClientHandler.java:74) ~[sdk-core-2.31.6.jar!/:na]
app-1  | 	at software.amazon.awssdk.core.client.handler.SdkSyncClientHandler.execute(SdkSyncClientHandler.java:45) ~[sdk-core-2.31.6.jar!/:na]
app-1  | 	at software.amazon.awssdk.awscore.client.handler.AwsSyncClientHandler.execute(AwsSyncClientHandler.java:53) ~[aws-core-2.31.6.jar!/:na]
app-1  | 	at software.amazon.awssdk.services.s3.DefaultS3Client.headBucket(DefaultS3Client.java:6818) ~[s3-2.31.6.jar!/:na]
app-1  | 	at software.amazon.awssdk.services.s3.S3Client.headBucket(S3Client.java:12933) ~[s3-2.31.6.jar!/:na]
app-1  | 	at com.prakashstores.storage.MinioStorageService.ensureBucket(MinioStorageService.java:40) ~[!/:0.0.1-SNAPSHOT]
app-1  | 	at java.base/jdk.internal.reflect.NativeMethodAccessorImpl.invoke0(Native Method) ~[na:na]
app-1  | 	at java.base/jdk.internal.reflect.NativeMethodAccessorImpl.invoke(Unknown Source) ~[na:na]
app-1  | 	at java.base/jdk.internal.reflect.DelegatingMethodAccessorImpl.invoke(Unknown Source) ~[na:na]
app-1  | 	at java.base/java.lang.reflect.Method.invoke(Unknown Source) ~[na:na]
app-1  | 	at org.springframework.beans.factory.annotation.InitDestroyAnnotationBeanPostProcessor$LifecycleMethod.invoke(InitDestroyAnnotationBeanPostProcessor.java:453) ~[spring-beans-7.0.8.jar!/:7.0.8]
app-1  | 	at org.springframework.beans.factory.annotation.InitDestroyAnnotationBeanPostProcessor$LifecycleMetadata.invokeInitMethods(InitDestroyAnnotationBeanPostProcessor.java:397) ~[spring-beans-7.0.8.jar!/:7.0.8]
app-1  | 	at org.springframework.beans.factory.annotation.InitDestroyAnnotationBeanPostProcessor.postProcessBeforeInitialization(InitDestroyAnnotationBeanPostProcessor.java:217) ~[spring-beans-7.0.8.jar!/:7.0.8]
app-1  | 	... 55 common frames omitted
app-1  | Caused by: software.amazon.awssdk.core.exception.SdkClientException: Unable to execute HTTP request: minio (SDK Attempt Count: 4)
app-1  | 	at software.amazon.awssdk.core.exception.SdkClientException$BuilderImpl.build(SdkClientException.java:130) ~[sdk-core-2.31.6.jar!/:na]
app-1  | 	at software.amazon.awssdk.core.exception.SdkClientException$BuilderImpl.build(SdkClientException.java:95) ~[sdk-core-2.31.6.jar!/:na]
app-1  | 	at software.amazon.awssdk.core.internal.http.pipeline.stages.utils.RetryableStageHelper.retryPolicyDisallowedRetryException(RetryableStageHelper.java:168) ~[sdk-core-2.31.6.jar!/:na]
app-1  | 	at software.amazon.awssdk.core.internal.http.pipeline.stages.RetryableStage.execute(RetryableStage.java:73) ~[sdk-core-2.31.6.jar!/:na]
app-1  | 	at software.amazon.awssdk.core.internal.http.pipeline.stages.RetryableStage.execute(RetryableStage.java:36) ~[sdk-core-2.31.6.jar!/:na]
app-1  | 	at software.amazon.awssdk.core.internal.http.pipeline.RequestPipelineBuilder$ComposingRequestPipelineStage.execute(RequestPipelineBuilder.java:206) ~[sdk-core-2.31.6.jar!/:na]
app-1  | 	at software.amazon.awssdk.core.internal.http.StreamManagingStage.execute(StreamManagingStage.java:53) ~[sdk-core-2.31.6.jar!/:na]
app-1  | 	at software.amazon.awssdk.core.internal.http.StreamManagingStage.execute(StreamManagingStage.java:35) ~[sdk-core-2.31.6.jar!/:na]
app-1  | 	at software.amazon.awssdk.core.internal.http.pipeline.stages.ApiCallTimeoutTrackingStage.executeWithTimer(ApiCallTimeoutTrackingStage.java:82) ~[sdk-core-2.31.6.jar!/:na]
app-1  | 	at software.amazon.awssdk.core.internal.http.pipeline.stages.ApiCallTimeoutTrackingStage.execute(ApiCallTimeoutTrackingStage.java:62) ~[sdk-core-2.31.6.jar!/:na]
app-1  | 	at software.amazon.awssdk.core.internal.http.pipeline.stages.ApiCallTimeoutTrackingStage.execute(ApiCallTimeoutTrackingStage.java:43) ~[sdk-core-2.31.6.jar!/:na]
app-1  | 	at software.amazon.awssdk.core.internal.http.pipeline.stages.ApiCallMetricCollectionStage.execute(ApiCallMetricCollectionStage.java:50) ~[sdk-core-2.31.6.jar!/:na]
app-1  | 	at software.amazon.awssdk.core.internal.http.pipeline.stages.ApiCallMetricCollectionStage.execute(ApiCallMetricCollectionStage.java:32) ~[sdk-core-2.31.6.jar!/:na]
app-1  | 	at software.amazon.awssdk.core.internal.http.pipeline.RequestPipelineBuilder$ComposingRequestPipelineStage.execute(RequestPipelineBuilder.java:206) ~[sdk-core-2.31.6.jar!/:na]
app-1  | 	at software.amazon.awssdk.core.internal.http.pipeline.RequestPipelineBuilder$ComposingRequestPipelineStage.execute(RequestPipelineBuilder.java:206) ~[sdk-core-2.31.6.jar!/:na]
app-1  | 	at software.amazon.awssdk.core.internal.http.pipeline.stages.ExecutionFailureExceptionReportingStage.execute(ExecutionFailureExceptionReportingStage.java:37) ~[sdk-core-2.31.6.jar!/:na]
app-1  | 	... 74 common frames omitted
app-1  | 	Suppressed: software.amazon.awssdk.core.exception.SdkClientException: Request attempt 1 failure: Unable to execute HTTP request: minio: Name or service not known
app-1  | 	Suppressed: software.amazon.awssdk.core.exception.SdkClientException: Request attempt 2 failure: Unable to execute HTTP request: minio
app-1  | 	Suppressed: software.amazon.awssdk.core.exception.SdkClientException: Request attempt 3 failure: Unable to execute HTTP request: minio
app-1  | Caused by: java.net.UnknownHostException: minio
app-1  | 	at java.base/java.net.InetAddress$CachedAddresses.get(Unknown Source) ~[na:na]
app-1  | 	at java.base/java.net.InetAddress.getAllByName0(Unknown Source) ~[na:na]
app-1  | 	at java.base/java.net.InetAddress.getAllByName(Unknown Source) ~[na:na]
app-1  | 	at java.base/java.net.InetAddress.getAllByName(Unknown Source) ~[na:na]
app-1  | 	at org.apache.http.impl.conn.SystemDefaultDnsResolver.resolve(SystemDefaultDnsResolver.java:45) ~[httpclient-4.5.13.jar!/:4.5.13]
app-1  | 	at org.apache.http.impl.conn.DefaultHttpClientConnectionOperator.connect(DefaultHttpClientConnectionOperator.java:112) ~[httpclient-4.5.13.jar!/:4.5.13]
app-1  | 	at org.apache.http.impl.conn.PoolingHttpClientConnectionManager.connect(PoolingHttpClientConnectionManager.java:376) ~[httpclient-4.5.13.jar!/:4.5.13]
app-1  | 	at software.amazon.awssdk.http.apache.internal.conn.ClientConnectionManagerFactory$DelegatingHttpClientConnectionManager.connect(ClientConnectionManagerFactory.java:86) ~[apache-client-2.31.6.jar!/:na]
app-1  | 	at org.apache.http.impl.execchain.MainClientExec.establishRoute(MainClientExec.java:393) ~[httpclient-4.5.13.jar!/:4.5.13]
app-1  | 	at org.apache.http.impl.execchain.MainClientExec.execute(MainClientExec.java:236) ~[httpclient-4.5.13.jar!/:4.5.13]
app-1  | 	at org.apache.http.impl.execchain.ProtocolExec.execute(ProtocolExec.java:186) ~[httpclient-4.5.13.jar!/:4.5.13]
app-1  | 	at org.apache.http.impl.client.InternalHttpClient.doExecute(InternalHttpClient.java:185) ~[httpclient-4.5.13.jar!/:4.5.13]
app-1  | 	at org.apache.http.impl.client.CloseableHttpClient.execute(CloseableHttpClient.java:83) ~[httpclient-4.5.13.jar!/:4.5.13]
app-1  | 	at org.apache.http.impl.client.CloseableHttpClient.execute(CloseableHttpClient.java:56) ~[httpclient-4.5.13.jar!/:4.5.13]
app-1  | 	at software.amazon.awssdk.http.apache.internal.impl.ApacheSdkHttpClient.execute(ApacheSdkHttpClient.java:72) ~[apache-client-2.31.6.jar!/:na]
app-1  | 	at software.amazon.awssdk.http.apache.ApacheHttpClient.execute(ApacheHttpClient.java:259) ~[apache-client-2.31.6.jar!/:na]
app-1  | 	at software.amazon.awssdk.http.apache.ApacheHttpClient.access$600(ApacheHttpClient.java:104) ~[apache-client-2.31.6.jar!/:na]
app-1  | 	at software.amazon.awssdk.http.apache.ApacheHttpClient$1.call(ApacheHttpClient.java:236) ~[apache-client-2.31.6.jar!/:na]
app-1  | 	at software.amazon.awssdk.http.apache.ApacheHttpClient$1.call(ApacheHttpClient.java:233) ~[apache-client-2.31.6.jar!/:na]
app-1  | 	at software.amazon.awssdk.core.internal.util.MetricUtils.measureDurationUnsafe(MetricUtils.java:102) ~[sdk-core-2.31.6.jar!/:na]
app-1  | 	at software.amazon.awssdk.core.internal.http.pipeline.stages.MakeHttpRequestStage.executeHttpRequest(MakeHttpRequestStage.java:88) ~[sdk-core-2.31.6.jar!/:na]
app-1  | 	at software.amazon.awssdk.core.internal.http.pipeline.stages.MakeHttpRequestStage.execute(MakeHttpRequestStage.java:64) ~[sdk-core-2.31.6.jar!/:na]
app-1  | 	at software.amazon.awssdk.core.internal.http.pipeline.stages.MakeHttpRequestStage.execute(MakeHttpRequestStage.java:46) ~[sdk-core-2.31.6.jar!/:na]
app-1  | 	at software.amazon.awssdk.core.internal.http.pipeline.RequestPipelineBuilder$ComposingRequestPipelineStage.execute(RequestPipelineBuilder.java:206) ~[sdk-core-2.31.6.jar!/:na]
app-1  | 	at software.amazon.awssdk.core.internal.http.pipeline.RequestPipelineBuilder$ComposingRequestPipelineStage.execute(RequestPipelineBuilder.java:206) ~[sdk-core-2.31.6.jar!/:na]
app-1  | 	at software.amazon.awssdk.core.internal.http.pipeline.RequestPipelineBuilder$ComposingRequestPipelineStage.execute(RequestPipelineBuilder.java:206) ~[sdk-core-2.31.6.jar!/:na]
app-1  | 	at software.amazon.awssdk.core.internal.http.pipeline.RequestPipelineBuilder$ComposingRequestPipelineStage.execute(RequestPipelineBuilder.java:206) ~[sdk-core-2.31.6.jar!/:na]
app-1  | 	at software.amazon.awssdk.core.internal.http.pipeline.stages.ApiCallAttemptTimeoutTrackingStage.execute(ApiCallAttemptTimeoutTrackingStage.java:74) ~[sdk-core-2.31.6.jar!/:na]
app-1  | 	at software.amazon.awssdk.core.internal.http.pipeline.stages.ApiCallAttemptTimeoutTrackingStage.execute(ApiCallAttemptTimeoutTrackingStage.java:43) ~[sdk-core-2.31.6.jar!/:na]
app-1  | 	at software.amazon.awssdk.core.internal.http.pipeline.stages.TimeoutExceptionHandlingStage.execute(TimeoutExceptionHandlingStage.java:79) ~[sdk-core-2.31.6.jar!/:na]
app-1  | 	at software.amazon.awssdk.core.internal.http.pipeline.stages.TimeoutExceptionHandlingStage.execute(TimeoutExceptionHandlingStage.java:41) ~[sdk-core-2.31.6.jar!/:na]
app-1  | 	at software.amazon.awssdk.core.internal.http.pipeline.stages.ApiCallAttemptMetricCollectionStage.execute(ApiCallAttemptMetricCollectionStage.java:55) ~[sdk-core-2.31.6.jar!/:na]
app-1  | 	at software.amazon.awssdk.core.internal.http.pipeline.stages.ApiCallAttemptMetricCollectionStage.execute(ApiCallAttemptMetricCollectionStage.java:39) ~[sdk-core-2.31.6.jar!/:na]
app-1  | 	at software.amazon.awssdk.core.internal.http.pipeline.stages.RetryableStage.executeRequest(RetryableStage.java:93) ~[sdk-core-2.31.6.jar!/:na]
app-1  | 	at software.amazon.awssdk.core.internal.http.pipeline.stages.RetryableStage.execute(RetryableStage.java:56) ~[sdk-core-2.31.6.jar!/:na]
app-1  | 	... 86 common frames omitted
app-1  | 
app-1  | 
app-1  |   .   ____          _            __ _ _
app-1  |  /\\ / ___'_ __ _ _(_)_ __  __ _ \ \ \ \
app-1  | ( ( )\___ | '_ | '_| | '_ \/ _` | \ \ \ \
app-1  |  \\/  ___)| |_)| | | | | || (_| |  ) ) ) )
app-1  |   '  |____| .__|_| |_|_| |_\__, | / / / /
app-1  |  =========|_|==============|___/=/_/_/_/
app-1  | 
app-1  |  :: Spring Boot ::                (v4.1.0)
app-1  | 
app-1  | 2026-09-13T08:06:36.880Z  INFO 1 --- [prakashstores] [           main] c.p.PrakashStoresApplication             : Starting PrakashStoresApplication v0.0.1-SNAPSHOT using Java 17.0.19 with PID 1 (/app/app.jar started by app in /app)
app-1  | 2026-09-13T08:06:36.884Z  INFO 1 --- [prakashstores] [           main] c.p.PrakashStoresApplication             : No active profile set, falling back to 1 default profile: "default"
app-1  | 2026-09-13T08:06:37.324Z  INFO 1 --- [prakashstores] [           main] .s.d.r.c.RepositoryConfigurationDelegate : Bootstrapping Spring Data JPA repositories in DEFAULT mode.
app-1  | 2026-09-13T08:06:37.354Z  INFO 1 --- [prakashstores] [           main] .s.d.r.c.RepositoryConfigurationDelegate : Finished Spring Data repository scanning in 26 ms. Found 12 JPA repository interfaces.
app-1  | 2026-09-13T08:06:37.618Z  INFO 1 --- [prakashstores] [           main] o.s.boot.tomcat.TomcatWebServer          : Tomcat initialized with port 8080 (http)
app-1  | 2026-09-13T08:06:37.624Z  INFO 1 --- [prakashstores] [           main] o.apache.catalina.core.StandardService   : Starting service [Tomcat]
app-1  | 2026-09-13T08:06:37.625Z  INFO 1 --- [prakashstores] [           main] o.apache.catalina.core.StandardEngine    : Starting Servlet engine: [Apache Tomcat/11.0.22]
app-1  | 2026-09-13T08:06:37.636Z  INFO 1 --- [prakashstores] [           main] b.w.c.s.WebApplicationContextInitializer : Root WebApplicationContext: initialization completed in 726 ms
app-1  | 2026-09-13T08:06:37.786Z  INFO 1 --- [prakashstores] [           main] org.hibernate.orm.jpa                    : HHH008540: Processing PersistenceUnitInfo [name: default]
app-1  | 2026-09-13T08:06:37.812Z  INFO 1 --- [prakashstores] [           main] org.hibernate.orm.core                   : HHH000001: Hibernate ORM core version 7.4.1.Final
app-1  | 2026-09-13T08:06:37.999Z  INFO 1 --- [prakashstores] [           main] o.s.o.j.p.SpringPersistenceUnitInfo      : No LoadTimeWeaver setup: ignoring JPA class transformer
app-1  | 2026-09-13T08:06:38.011Z  INFO 1 --- [prakashstores] [           main] com.zaxxer.hikari.HikariDataSource       : HikariPool-1 - Starting...
app-1  | 2026-09-13T08:06:38.109Z  INFO 1 --- [prakashstores] [           main] com.zaxxer.hikari.pool.HikariPool        : HikariPool-1 - Added connection org.postgresql.jdbc.PgConnection@f9de1fd
app-1  | 2026-09-13T08:06:38.109Z  INFO 1 --- [prakashstores] [           main] com.zaxxer.hikari.HikariDataSource       : HikariPool-1 - Start completed.
app-1  | 2026-09-13T08:06:38.125Z  WARN 1 --- [prakashstores] [           main] org.hibernate.orm.deprecation            : HHH90000025: PostgreSQLDialect does not need to be specified explicitly using 'hibernate.dialect' (remove the property setting and it will be selected by default)
app-1  | 2026-09-13T08:06:38.139Z  INFO 1 --- [prakashstores] [           main] org.hibernate.orm.connections.pooling    : HHH10001005: Database info:
app-1  | 	Database JDBC URL [jdbc:postgresql://db:5432/prakashstores]
app-1  | 	Database driver: PostgreSQL JDBC Driver
app-1  | 	Database dialect: PostgreSQLDialect
app-1  | 	Database version: 16.15
app-1  | 	Default catalog/schema: prakashstores/public
app-1  | 	Autocommit mode: undefined/unknown
app-1  | 	Isolation level: READ_COMMITTED [default READ_COMMITTED]
app-1  | 	JDBC fetch size: none
app-1  | 	Pool: DataSourceConnectionProvider
app-1  | 	Minimum pool size: undefined/unknown
app-1  | 	Maximum pool size: undefined/unknown
app-1  | 2026-09-13T08:06:38.656Z  INFO 1 --- [prakashstores] [           main] org.hibernate.orm.core                   : HHH000489: No JTA platform available (set 'hibernate.transaction.jta.platform' to enable JTA platform integration)
app-1  | 2026-09-13T08:06:38.690Z  INFO 1 --- [prakashstores] [           main] j.LocalContainerEntityManagerFactoryBean : Initialized JPA EntityManagerFactory for persistence unit 'default'
app-1  | 2026-09-13T08:06:38.722Z  INFO 1 --- [prakashstores] [           main] o.s.d.j.r.query.QueryEnhancerFactories   : Hibernate is in classpath; If applicable, HQL parser will be used.
app-1  | 2026-09-13T08:06:38.808Z  INFO 1 --- [prakashstores] [           main] eAuthenticationProviderManagerConfigurer : Global AuthenticationManager configured with AuthenticationProvider bean with name authenticationProvider
app-1  | 2026-09-13T08:06:38.809Z  WARN 1 --- [prakashstores] [           main] r$InitializeUserDetailsManagerConfigurer : Global AuthenticationManager configured with an AuthenticationProvider bean. UserDetailsService beans will not be used by Spring Security for automatically configuring username/password login. Consider removing the AuthenticationProvider bean. Alternatively, consider using the UserDetailsService in a manually instantiated DaoAuthenticationProvider. If the current configuration is intentional, to turn off this warning, increase the logging level of 'org.springframework.security.config.annotation.authentication.configuration.InitializeUserDetailsBeanManagerConfigurer' to ERROR
app-1  | 2026-09-13T08:06:39.357Z  WARN 1 --- [prakashstores] [           main] ConfigServletWebServerApplicationContext : Exception encountered during context initialization - cancelling refresh attempt: org.springframework.beans.factory.UnsatisfiedDependencyException: Error creating bean with name 'galleryController' defined in URL [jar:nested:/app/app.jar/!BOOT-INF/classes/!/com/prakashstores/controller/GalleryController.class]: Unsatisfied dependency expressed through constructor parameter 0: Error creating bean with name 'mediaAssetService' defined in URL [jar:nested:/app/app.jar/!BOOT-INF/classes/!/com/prakashstores/service/MediaAssetService.class]: Unsatisfied dependency expressed through constructor parameter 1: Error creating bean with name 'minioStorageService': Invocation of init method failed
app-1  | 2026-09-13T08:06:39.360Z  INFO 1 --- [prakashstores] [           main] j.LocalContainerEntityManagerFactoryBean : Closing JPA EntityManagerFactory for persistence unit 'default'
app-1  | 2026-09-13T08:06:39.364Z  INFO 1 --- [prakashstores] [           main] com.zaxxer.hikari.HikariDataSource       : HikariPool-1 - Shutdown initiated...
app-1  | 2026-09-13T08:06:39.368Z  INFO 1 --- [prakashstores] [           main] com.zaxxer.hikari.HikariDataSource       : HikariPool-1 - Shutdown completed.
app-1  | 2026-09-13T08:06:39.370Z  INFO 1 --- [prakashstores] [           main] o.apache.catalina.core.StandardService   : Stopping service [Tomcat]
app-1  | 2026-09-13T08:06:39.378Z  INFO 1 --- [prakashstores] [           main] .s.b.a.l.ConditionEvaluationReportLogger : 
app-1  | 
app-1  | Error starting ApplicationContext. To display the condition evaluation report re-run your application with 'debug' enabled.
app-1  | 2026-09-13T08:06:39.386Z ERROR 1 --- [prakashstores] [           main] o.s.boot.SpringApplication               : Application run failed
app-1  | 
app-1  | org.springframework.beans.factory.UnsatisfiedDependencyException: Error creating bean with name 'galleryController' defined in URL [jar:nested:/app/app.jar/!BOOT-INF/classes/!/com/prakashstores/controller/GalleryController.class]: Unsatisfied dependency expressed through constructor parameter 0: Error creating bean with name 'mediaAssetService' defined in URL [jar:nested:/app/app.jar/!BOOT-INF/classes/!/com/prakashstores/service/MediaAssetService.class]: Unsatisfied dependency expressed through constructor parameter 1: Error creating bean with name 'minioStorageService': Invocation of init method failed
app-1  | 	at org.springframework.beans.factory.support.ConstructorResolver.createArgumentArray(ConstructorResolver.java:804) ~[spring-beans-7.0.8.jar!/:7.0.8]
app-1  | 	at org.springframework.beans.factory.support.ConstructorResolver.autowireConstructor(ConstructorResolver.java:240) ~[spring-beans-7.0.8.jar!/:7.0.8]
app-1  | 	at org.springframework.beans.factory.support.AbstractAutowireCapableBeanFactory.autowireConstructor(AbstractAutowireCapableBeanFactory.java:1380) ~[spring-beans-7.0.8.jar!/:7.0.8]
app-1  | 	at org.springframework.beans.factory.support.AbstractAutowireCapableBeanFactory.createBeanInstance(AbstractAutowireCapableBeanFactory.java:1219) ~[spring-beans-7.0.8.jar!/:7.0.8]
app-1  | 	at org.springframework.beans.factory.support.AbstractAutowireCapableBeanFactory.doCreateBean(AbstractAutowireCapableBeanFactory.java:565) ~[spring-beans-7.0.8.jar!/:7.0.8]
app-1  | 	at org.springframework.beans.factory.support.AbstractAutowireCapableBeanFactory.createBean(AbstractAutowireCapableBeanFactory.java:525) ~[spring-beans-7.0.8.jar!/:7.0.8]
app-1  | 	at org.springframework.beans.factory.support.AbstractBeanFactory.lambda$doGetBean$0(AbstractBeanFactory.java:333) ~[spring-beans-7.0.8.jar!/:7.0.8]
app-1  | 	at org.springframework.beans.factory.support.DefaultSingletonBeanRegistry.getSingleton(DefaultSingletonBeanRegistry.java:371) ~[spring-beans-7.0.8.jar!/:7.0.8]
app-1  | 	at org.springframework.beans.factory.support.AbstractBeanFactory.doGetBean(AbstractBeanFactory.java:331) ~[spring-beans-7.0.8.jar!/:7.0.8]
app-1  | 	at org.springframework.beans.factory.support.AbstractBeanFactory.getBean(AbstractBeanFactory.java:196) ~[spring-beans-7.0.8.jar!/:7.0.8]
app-1  | 	at org.springframework.beans.factory.support.DefaultListableBeanFactory.instantiateSingleton(DefaultListableBeanFactory.java:1225) ~[spring-beans-7.0.8.jar!/:7.0.8]
app-1  | 	at org.springframework.beans.factory.support.DefaultListableBeanFactory.preInstantiateSingleton(DefaultListableBeanFactory.java:1191) ~[spring-beans-7.0.8.jar!/:7.0.8]
app-1  | 	at org.springframework.beans.factory.support.DefaultListableBeanFactory.preInstantiateSingletons(DefaultListableBeanFactory.java:1121) ~[spring-beans-7.0.8.jar!/:7.0.8]
app-1  | 	at org.springframework.context.support.AbstractApplicationContext.finishBeanFactoryInitialization(AbstractApplicationContext.java:994) ~[spring-context-7.0.8.jar!/:7.0.8]
app-1  | 	at org.springframework.context.support.AbstractApplicationContext.refresh(AbstractApplicationContext.java:621) ~[spring-context-7.0.8.jar!/:7.0.8]
app-1  | 	at org.springframework.boot.web.server.servlet.context.ServletWebServerApplicationContext.refresh(ServletWebServerApplicationContext.java:143) ~[spring-boot-web-server-4.1.0.jar!/:4.1.0]
app-1  | 	at org.springframework.boot.SpringApplication.refresh(SpringApplication.java:756) ~[spring-boot-4.1.0.jar!/:4.1.0]
app-1  | 	at org.springframework.boot.SpringApplication.refreshContext(SpringApplication.java:445) ~[spring-boot-4.1.0.jar!/:4.1.0]
app-1  | 	at org.springframework.boot.SpringApplication.run(SpringApplication.java:321) ~[spring-boot-4.1.0.jar!/:4.1.0]
app-1  | 	at org.springframework.boot.SpringApplication.run(SpringApplication.java:1365) ~[spring-boot-4.1.0.jar!/:4.1.0]
app-1  | 	at org.springframework.boot.SpringApplication.run(SpringApplication.java:1354) ~[spring-boot-4.1.0.jar!/:4.1.0]
app-1  | 	at com.prakashstores.PrakashStoresApplication.main(PrakashStoresApplication.java:9) ~[!/:0.0.1-SNAPSHOT]
app-1  | 	at java.base/jdk.internal.reflect.NativeMethodAccessorImpl.invoke0(Native Method) ~[na:na]
app-1  | 	at java.base/jdk.internal.reflect.NativeMethodAccessorImpl.invoke(Unknown Source) ~[na:na]
app-1  | 	at java.base/jdk.internal.reflect.DelegatingMethodAccessorImpl.invoke(Unknown Source) ~[na:na]
app-1  | 	at java.base/java.lang.reflect.Method.invoke(Unknown Source) ~[na:na]
app-1  | 	at org.springframework.boot.loader.launch.Launcher.launch(Launcher.java:106) ~[app.jar:0.0.1-SNAPSHOT]
app-1  | 	at org.springframework.boot.loader.launch.Launcher.launch(Launcher.java:64) ~[app.jar:0.0.1-SNAPSHOT]
app-1  | 	at org.springframework.boot.loader.launch.JarLauncher.main(JarLauncher.java:40) ~[app.jar:0.0.1-SNAPSHOT]
app-1  | Caused by: org.springframework.beans.factory.UnsatisfiedDependencyException: Error creating bean with name 'mediaAssetService' defined in URL [jar:nested:/app/app.jar/!BOOT-INF/classes/!/com/prakashstores/service/MediaAssetService.class]: Unsatisfied dependency expressed through constructor parameter 1: Error creating bean with name 'minioStorageService': Invocation of init method failed
app-1  | 	at org.springframework.beans.factory.support.ConstructorResolver.createArgumentArray(ConstructorResolver.java:804) ~[spring-beans-7.0.8.jar!/:7.0.8]
app-1  | 	at org.springframework.beans.factory.support.ConstructorResolver.autowireConstructor(ConstructorResolver.java:240) ~[spring-beans-7.0.8.jar!/:7.0.8]
app-1  | 	at org.springframework.beans.factory.support.AbstractAutowireCapableBeanFactory.autowireConstructor(AbstractAutowireCapableBeanFactory.java:1380) ~[spring-beans-7.0.8.jar!/:7.0.8]
app-1  | 	at org.springframework.beans.factory.support.AbstractAutowireCapableBeanFactory.createBeanInstance(AbstractAutowireCapableBeanFactory.java:1219) ~[spring-beans-7.0.8.jar!/:7.0.8]
app-1  | 	at org.springframework.beans.factory.support.AbstractAutowireCapableBeanFactory.doCreateBean(AbstractAutowireCapableBeanFactory.java:565) ~[spring-beans-7.0.8.jar!/:7.0.8]
app-1  | 	at org.springframework.beans.factory.support.AbstractAutowireCapableBeanFactory.createBean(AbstractAutowireCapableBeanFactory.java:525) ~[spring-beans-7.0.8.jar!/:7.0.8]
app-1  | 	at org.springframework.beans.factory.support.AbstractBeanFactory.lambda$doGetBean$0(AbstractBeanFactory.java:333) ~[spring-beans-7.0.8.jar!/:7.0.8]
app-1  | 	at org.springframework.beans.factory.support.DefaultSingletonBeanRegistry.getSingleton(DefaultSingletonBeanRegistry.java:371) ~[spring-beans-7.0.8.jar!/:7.0.8]
app-1  | 	at org.springframework.beans.factory.support.AbstractBeanFactory.doGetBean(AbstractBeanFactory.java:331) ~[spring-beans-7.0.8.jar!/:7.0.8]
app-1  | 	at org.springframework.beans.factory.support.AbstractBeanFactory.getBean(AbstractBeanFactory.java:201) ~[spring-beans-7.0.8.jar!/:7.0.8]
app-1  | 	at org.springframework.beans.factory.support.DefaultListableBeanFactory.resolveBean(DefaultListableBeanFactory.java:1232) ~[spring-beans-7.0.8.jar!/:7.0.8]
app-1  | 	at org.springframework.beans.factory.support.DefaultListableBeanFactory.doResolveDependency(DefaultListableBeanFactory.java:1711) ~[spring-beans-7.0.8.jar!/:7.0.8]
app-1  | 	at org.springframework.beans.factory.support.DefaultListableBeanFactory.resolveDependency(DefaultListableBeanFactory.java:1658) ~[spring-beans-7.0.8.jar!/:7.0.8]
app-1  | 	at org.springframework.beans.factory.support.ConstructorResolver.resolveAutowiredArgument(ConstructorResolver.java:912) ~[spring-beans-7.0.8.jar!/:7.0.8]
app-1  | 	at org.springframework.beans.factory.support.ConstructorResolver.createArgumentArray(ConstructorResolver.java:791) ~[spring-beans-7.0.8.jar!/:7.0.8]
app-1  | 	... 28 common frames omitted
app-1  | Caused by: org.springframework.beans.factory.BeanCreationException: Error creating bean with name 'minioStorageService': Invocation of init method failed
app-1  | 	at org.springframework.beans.factory.annotation.InitDestroyAnnotationBeanPostProcessor.postProcessBeforeInitialization(InitDestroyAnnotationBeanPostProcessor.java:220) ~[spring-beans-7.0.8.jar!/:7.0.8]
app-1  | 	at org.springframework.beans.factory.support.AbstractAutowireCapableBeanFactory.applyBeanPostProcessorsBeforeInitialization(AbstractAutowireCapableBeanFactory.java:426) ~[spring-beans-7.0.8.jar!/:7.0.8]
app-1  | 	at org.springframework.beans.factory.support.AbstractAutowireCapableBeanFactory.initializeBean(AbstractAutowireCapableBeanFactory.java:1807) ~[spring-beans-7.0.8.jar!/:7.0.8]
app-1  | 	at org.springframework.beans.factory.support.AbstractAutowireCapableBeanFactory.doCreateBean(AbstractAutowireCapableBeanFactory.java:603) ~[spring-beans-7.0.8.jar!/:7.0.8]
app-1  | 	at org.springframework.beans.factory.support.AbstractAutowireCapableBeanFactory.createBean(AbstractAutowireCapableBeanFactory.java:525) ~[spring-beans-7.0.8.jar!/:7.0.8]
app-1  | 	at org.springframework.beans.factory.support.AbstractBeanFactory.lambda$doGetBean$0(AbstractBeanFactory.java:333) ~[spring-beans-7.0.8.jar!/:7.0.8]
app-1  | 	at org.springframework.beans.factory.support.DefaultSingletonBeanRegistry.getSingleton(DefaultSingletonBeanRegistry.java:371) ~[spring-beans-7.0.8.jar!/:7.0.8]
app-1  | 	at org.springframework.beans.factory.support.AbstractBeanFactory.doGetBean(AbstractBeanFactory.java:331) ~[spring-beans-7.0.8.jar!/:7.0.8]
app-1  | 	at org.springframework.beans.factory.support.AbstractBeanFactory.getBean(AbstractBeanFactory.java:201) ~[spring-beans-7.0.8.jar!/:7.0.8]
app-1  | 	at org.springframework.beans.factory.config.DependencyDescriptor.resolveCandidate(DependencyDescriptor.java:229) ~[spring-beans-7.0.8.jar!/:7.0.8]
app-1  | 	at org.springframework.beans.factory.support.DefaultListableBeanFactory.doResolveDependency(DefaultListableBeanFactory.java:1769) ~[spring-beans-7.0.8.jar!/:7.0.8]
app-1  | 	at org.springframework.beans.factory.support.DefaultListableBeanFactory.resolveDependency(DefaultListableBeanFactory.java:1658) ~[spring-beans-7.0.8.jar!/:7.0.8]
app-1  | 	at org.springframework.beans.factory.support.ConstructorResolver.resolveAutowiredArgument(ConstructorResolver.java:912) ~[spring-beans-7.0.8.jar!/:7.0.8]
app-1  | 	at org.springframework.beans.factory.support.ConstructorResolver.createArgumentArray(ConstructorResolver.java:791) ~[spring-beans-7.0.8.jar!/:7.0.8]
app-1  | 	... 42 common frames omitted
app-1  | Caused by: software.amazon.awssdk.core.exception.SdkClientException: Received an UnknownHostException when attempting to interact with a service. See cause for the exact endpoint that is failing to resolve. If this is happening on an endpoint that previously worked, there may be a network connectivity issue or your DNS cache could be storing endpoints for too long.
app-1  | 	at software.amazon.awssdk.core.exception.SdkClientException$BuilderImpl.build(SdkClientException.java:130) ~[sdk-core-2.31.6.jar!/:na]
app-1  | 	at software.amazon.awssdk.awscore.interceptor.HelpfulUnknownHostExceptionInterceptor.modifyException(HelpfulUnknownHostExceptionInterceptor.java:59) ~[aws-core-2.31.6.jar!/:na]
app-1  | 	at software.amazon.awssdk.core.interceptor.ExecutionInterceptorChain.modifyException(ExecutionInterceptorChain.java:181) ~[sdk-core-2.31.6.jar!/:na]
app-1  | 	at software.amazon.awssdk.core.internal.http.pipeline.stages.utils.ExceptionReportingUtils.runModifyException(ExceptionReportingUtils.java:54) ~[sdk-core-2.31.6.jar!/:na]
app-1  | 	at software.amazon.awssdk.core.internal.http.pipeline.stages.utils.ExceptionReportingUtils.reportFailureToInterceptors(ExceptionReportingUtils.java:38) ~[sdk-core-2.31.6.jar!/:na]
app-1  | 	at software.amazon.awssdk.core.internal.http.pipeline.stages.ExecutionFailureExceptionReportingStage.execute(ExecutionFailureExceptionReportingStage.java:39) ~[sdk-core-2.31.6.jar!/:na]
app-1  | 	at software.amazon.awssdk.core.internal.http.pipeline.stages.ExecutionFailureExceptionReportingStage.execute(ExecutionFailureExceptionReportingStage.java:26) ~[sdk-core-2.31.6.jar!/:na]
app-1  | 	at software.amazon.awssdk.core.internal.http.AmazonSyncHttpClient$RequestExecutionBuilderImpl.execute(AmazonSyncHttpClient.java:210) ~[sdk-core-2.31.6.jar!/:na]
app-1  | 	at software.amazon.awssdk.core.internal.handler.BaseSyncClientHandler.invoke(BaseSyncClientHandler.java:103) ~[sdk-core-2.31.6.jar!/:na]
app-1  | 	at software.amazon.awssdk.core.internal.handler.BaseSyncClientHandler.doExecute(BaseSyncClientHandler.java:173) ~[sdk-core-2.31.6.jar!/:na]
app-1  | 	at software.amazon.awssdk.core.internal.handler.BaseSyncClientHandler.lambda$execute$1(BaseSyncClientHandler.java:80) ~[sdk-core-2.31.6.jar!/:na]
app-1  | 	at software.amazon.awssdk.core.internal.handler.BaseSyncClientHandler.measureApiCallSuccess(BaseSyncClientHandler.java:182) ~[sdk-core-2.31.6.jar!/:na]
app-1  | 	at software.amazon.awssdk.core.internal.handler.BaseSyncClientHandler.execute(BaseSyncClientHandler.java:74) ~[sdk-core-2.31.6.jar!/:na]
app-1  | 	at software.amazon.awssdk.core.client.handler.SdkSyncClientHandler.execute(SdkSyncClientHandler.java:45) ~[sdk-core-2.31.6.jar!/:na]
app-1  | 	at software.amazon.awssdk.awscore.client.handler.AwsSyncClientHandler.execute(AwsSyncClientHandler.java:53) ~[aws-core-2.31.6.jar!/:na]
app-1  | 	at software.amazon.awssdk.services.s3.DefaultS3Client.headBucket(DefaultS3Client.java:6818) ~[s3-2.31.6.jar!/:na]
app-1  | 	at software.amazon.awssdk.services.s3.S3Client.headBucket(S3Client.java:12933) ~[s3-2.31.6.jar!/:na]
app-1  | 	at com.prakashstores.storage.MinioStorageService.ensureBucket(MinioStorageService.java:40) ~[!/:0.0.1-SNAPSHOT]
app-1  | 	at java.base/jdk.internal.reflect.NativeMethodAccessorImpl.invoke0(Native Method) ~[na:na]
app-1  | 	at java.base/jdk.internal.reflect.NativeMethodAccessorImpl.invoke(Unknown Source) ~[na:na]
app-1  | 	at java.base/jdk.internal.reflect.DelegatingMethodAccessorImpl.invoke(Unknown Source) ~[na:na]
app-1  | 	at java.base/java.lang.reflect.Method.invoke(Unknown Source) ~[na:na]
app-1  | 	at org.springframework.beans.factory.annotation.InitDestroyAnnotationBeanPostProcessor$LifecycleMethod.invoke(InitDestroyAnnotationBeanPostProcessor.java:453) ~[spring-beans-7.0.8.jar!/:7.0.8]
app-1  | 	at org.springframework.beans.factory.annotation.InitDestroyAnnotationBeanPostProcessor$LifecycleMetadata.invokeInitMethods(InitDestroyAnnotationBeanPostProcessor.java:397) ~[spring-beans-7.0.8.jar!/:7.0.8]
app-1  | 	at org.springframework.beans.factory.annotation.InitDestroyAnnotationBeanPostProcessor.postProcessBeforeInitialization(InitDestroyAnnotationBeanPostProcessor.java:217) ~[spring-beans-7.0.8.jar!/:7.0.8]
app-1  | 	... 55 common frames omitted
app-1  | Caused by: software.amazon.awssdk.core.exception.SdkClientException: Unable to execute HTTP request: minio (SDK Attempt Count: 4)
app-1  | 	at software.amazon.awssdk.core.exception.SdkClientException$BuilderImpl.build(SdkClientException.java:130) ~[sdk-core-2.31.6.jar!/:na]
app-1  | 	at software.amazon.awssdk.core.exception.SdkClientException$BuilderImpl.build(SdkClientException.java:95) ~[sdk-core-2.31.6.jar!/:na]
app-1  | 	at software.amazon.awssdk.core.internal.http.pipeline.stages.utils.RetryableStageHelper.retryPolicyDisallowedRetryException(RetryableStageHelper.java:168) ~[sdk-core-2.31.6.jar!/:na]
app-1  | 	at software.amazon.awssdk.core.internal.http.pipeline.stages.RetryableStage.execute(RetryableStage.java:73) ~[sdk-core-2.31.6.jar!/:na]
app-1  | 	at software.amazon.awssdk.core.internal.http.pipeline.stages.RetryableStage.execute(RetryableStage.java:36) ~[sdk-core-2.31.6.jar!/:na]
app-1  | 	at software.amazon.awssdk.core.internal.http.pipeline.RequestPipelineBuilder$ComposingRequestPipelineStage.execute(RequestPipelineBuilder.java:206) ~[sdk-core-2.31.6.jar!/:na]
app-1  | 	at software.amazon.awssdk.core.internal.http.StreamManagingStage.execute(StreamManagingStage.java:53) ~[sdk-core-2.31.6.jar!/:na]
app-1  | 	at software.amazon.awssdk.core.internal.http.StreamManagingStage.execute(StreamManagingStage.java:35) ~[sdk-core-2.31.6.jar!/:na]
app-1  | 	at software.amazon.awssdk.core.internal.http.pipeline.stages.ApiCallTimeoutTrackingStage.executeWithTimer(ApiCallTimeoutTrackingStage.java:82) ~[sdk-core-2.31.6.jar!/:na]
app-1  | 	at software.amazon.awssdk.core.internal.http.pipeline.stages.ApiCallTimeoutTrackingStage.execute(ApiCallTimeoutTrackingStage.java:62) ~[sdk-core-2.31.6.jar!/:na]
app-1  | 	at software.amazon.awssdk.core.internal.http.pipeline.stages.ApiCallTimeoutTrackingStage.execute(ApiCallTimeoutTrackingStage.java:43) ~[sdk-core-2.31.6.jar!/:na]
app-1  | 	at software.amazon.awssdk.core.internal.http.pipeline.stages.ApiCallMetricCollectionStage.execute(ApiCallMetricCollectionStage.java:50) ~[sdk-core-2.31.6.jar!/:na]
app-1  | 	at software.amazon.awssdk.core.internal.http.pipeline.stages.ApiCallMetricCollectionStage.execute(ApiCallMetricCollectionStage.java:32) ~[sdk-core-2.31.6.jar!/:na]
app-1  | 	at software.amazon.awssdk.core.internal.http.pipeline.RequestPipelineBuilder$ComposingRequestPipelineStage.execute(RequestPipelineBuilder.java:206) ~[sdk-core-2.31.6.jar!/:na]
app-1  | 	at software.amazon.awssdk.core.internal.http.pipeline.RequestPipelineBuilder$ComposingRequestPipelineStage.execute(RequestPipelineBuilder.java:206) ~[sdk-core-2.31.6.jar!/:na]
app-1  | 	at software.amazon.awssdk.core.internal.http.pipeline.stages.ExecutionFailureExceptionReportingStage.execute(ExecutionFailureExceptionReportingStage.java:37) ~[sdk-core-2.31.6.jar!/:na]
app-1  | 	... 74 common frames omitted
app-1  | 	Suppressed: software.amazon.awssdk.core.exception.SdkClientException: Request attempt 1 failure: Unable to execute HTTP request: minio: Name or service not known
app-1  | 	Suppressed: software.amazon.awssdk.core.exception.SdkClientException: Request attempt 2 failure: Unable to execute HTTP request: minio
app-1  | 	Suppressed: software.amazon.awssdk.core.exception.SdkClientException: Request attempt 3 failure: Unable to execute HTTP request: minio
app-1  | Caused by: java.net.UnknownHostException: minio
app-1  | 	at java.base/java.net.InetAddress$CachedAddresses.get(Unknown Source) ~[na:na]
app-1  | 	at java.base/java.net.InetAddress.getAllByName0(Unknown Source) ~[na:na]
app-1  | 	at java.base/java.net.InetAddress.getAllByName(Unknown Source) ~[na:na]
app-1  | 	at java.base/java.net.InetAddress.getAllByName(Unknown Source) ~[na:na]
app-1  | 	at org.apache.http.impl.conn.SystemDefaultDnsResolver.resolve(SystemDefaultDnsResolver.java:45) ~[httpclient-4.5.13.jar!/:4.5.13]
app-1  | 	at org.apache.http.impl.conn.DefaultHttpClientConnectionOperator.connect(DefaultHttpClientConnectionOperator.java:112) ~[httpclient-4.5.13.jar!/:4.5.13]
app-1  | 	at org.apache.http.impl.conn.PoolingHttpClientConnectionManager.connect(PoolingHttpClientConnectionManager.java:376) ~[httpclient-4.5.13.jar!/:4.5.13]
app-1  | 	at software.amazon.awssdk.http.apache.internal.conn.ClientConnectionManagerFactory$DelegatingHttpClientConnectionManager.connect(ClientConnectionManagerFactory.java:86) ~[apache-client-2.31.6.jar!/:na]
app-1  | 	at org.apache.http.impl.execchain.MainClientExec.establishRoute(MainClientExec.java:393) ~[httpclient-4.5.13.jar!/:4.5.13]
app-1  | 	at org.apache.http.impl.execchain.MainClientExec.execute(MainClientExec.java:236) ~[httpclient-4.5.13.jar!/:4.5.13]
app-1  | 	at org.apache.http.impl.execchain.ProtocolExec.execute(ProtocolExec.java:186) ~[httpclient-4.5.13.jar!/:4.5.13]
app-1  | 	at org.apache.http.impl.client.InternalHttpClient.doExecute(InternalHttpClient.java:185) ~[httpclient-4.5.13.jar!/:4.5.13]
app-1  | 	at org.apache.http.impl.client.CloseableHttpClient.execute(CloseableHttpClient.java:83) ~[httpclient-4.5.13.jar!/:4.5.13]
app-1  | 	at org.apache.http.impl.client.CloseableHttpClient.execute(CloseableHttpClient.java:56) ~[httpclient-4.5.13.jar!/:4.5.13]
app-1  | 	at software.amazon.awssdk.http.apache.internal.impl.ApacheSdkHttpClient.execute(ApacheSdkHttpClient.java:72) ~[apache-client-2.31.6.jar!/:na]
app-1  | 	at software.amazon.awssdk.http.apache.ApacheHttpClient.execute(ApacheHttpClient.java:259) ~[apache-client-2.31.6.jar!/:na]
app-1  | 	at software.amazon.awssdk.http.apache.ApacheHttpClient.access$600(ApacheHttpClient.java:104) ~[apache-client-2.31.6.jar!/:na]
app-1  | 	at software.amazon.awssdk.http.apache.ApacheHttpClient$1.call(ApacheHttpClient.java:236) ~[apache-client-2.31.6.jar!/:na]
app-1  | 	at software.amazon.awssdk.http.apache.ApacheHttpClient$1.call(ApacheHttpClient.java:233) ~[apache-client-2.31.6.jar!/:na]
app-1  | 	at software.amazon.awssdk.core.internal.util.MetricUtils.measureDurationUnsafe(MetricUtils.java:102) ~[sdk-core-2.31.6.jar!/:na]
app-1  | 	at software.amazon.awssdk.core.internal.http.pipeline.stages.MakeHttpRequestStage.executeHttpRequest(MakeHttpRequestStage.java:88) ~[sdk-core-2.31.6.jar!/:na]
app-1  | 	at software.amazon.awssdk.core.internal.http.pipeline.stages.MakeHttpRequestStage.execute(MakeHttpRequestStage.java:64) ~[sdk-core-2.31.6.jar!/:na]
app-1  | 	at software.amazon.awssdk.core.internal.http.pipeline.stages.MakeHttpRequestStage.execute(MakeHttpRequestStage.java:46) ~[sdk-core-2.31.6.jar!/:na]
app-1  | 	at software.amazon.awssdk.core.internal.http.pipeline.RequestPipelineBuilder$ComposingRequestPipelineStage.execute(RequestPipelineBuilder.java:206) ~[sdk-core-2.31.6.jar!/:na]
app-1  | 	at software.amazon.awssdk.core.internal.http.pipeline.RequestPipelineBuilder$ComposingRequestPipelineStage.execute(RequestPipelineBuilder.java:206) ~[sdk-core-2.31.6.jar!/:na]
app-1  | 	at software.amazon.awssdk.core.internal.http.pipeline.RequestPipelineBuilder$ComposingRequestPipelineStage.execute(RequestPipelineBuilder.java:206) ~[sdk-core-2.31.6.jar!/:na]
app-1  | 	at software.amazon.awssdk.core.internal.http.pipeline.RequestPipelineBuilder$ComposingRequestPipelineStage.execute(RequestPipelineBuilder.java:206) ~[sdk-core-2.31.6.jar!/:na]
app-1  | 	at software.amazon.awssdk.core.internal.http.pipeline.stages.ApiCallAttemptTimeoutTrackingStage.execute(ApiCallAttemptTimeoutTrackingStage.java:74) ~[sdk-core-2.31.6.jar!/:na]
app-1  | 	at software.amazon.awssdk.core.internal.http.pipeline.stages.ApiCallAttemptTimeoutTrackingStage.execute(ApiCallAttemptTimeoutTrackingStage.java:43) ~[sdk-core-2.31.6.jar!/:na]
app-1  | 	at software.amazon.awssdk.core.internal.http.pipeline.stages.TimeoutExceptionHandlingStage.execute(TimeoutExceptionHandlingStage.java:79) ~[sdk-core-2.31.6.jar!/:na]
app-1  | 	at software.amazon.awssdk.core.internal.http.pipeline.stages.TimeoutExceptionHandlingStage.execute(TimeoutExceptionHandlingStage.java:41) ~[sdk-core-2.31.6.jar!/:na]
app-1  | 	at software.amazon.awssdk.core.internal.http.pipeline.stages.ApiCallAttemptMetricCollectionStage.execute(ApiCallAttemptMetricCollectionStage.java:55) ~[sdk-core-2.31.6.jar!/:na]
app-1  | 	at software.amazon.awssdk.core.internal.http.pipeline.stages.ApiCallAttemptMetricCollectionStage.execute(ApiCallAttemptMetricCollectionStage.java:39) ~[sdk-core-2.31.6.jar!/:na]
app-1  | 	at software.amazon.awssdk.core.internal.http.pipeline.stages.RetryableStage.executeRequest(RetryableStage.java:93) ~[sdk-core-2.31.6.jar!/:na]
app-1  | 	at software.amazon.awssdk.core.internal.http.pipeline.stages.RetryableStage.execute(RetryableStage.java:56) ~[sdk-core-2.31.6.jar!/:na]
app-1  | 	... 86 common frames omitted
app-1  | 
app-1  | 
app-1  |   .   ____          _            __ _ _
app-1  |  /\\ / ___'_ __ _ _(_)_ __  __ _ \ \ \ \
app-1  | ( ( )\___ | '_ | '_| | '_ \/ _` | \ \ \ \
app-1  |  \\/  ___)| |_)| | | | | || (_| |  ) ) ) )
app-1  |   '  |____| .__|_| |_|_| |_\__, | / / / /
app-1  |  =========|_|==============|___/=/_/_/_/
app-1  | 
app-1  |  :: Spring Boot ::                (v4.1.0)
app-1  | 
app-1  | 2026-09-13T08:06:43.114Z  INFO 1 --- [prakashstores] [           main] c.p.PrakashStoresApplication             : Starting PrakashStoresApplication v0.0.1-SNAPSHOT using Java 17.0.19 with PID 1 (/app/app.jar started by app in /app)
app-1  | 2026-09-13T08:06:43.116Z  INFO 1 --- [prakashstores] [           main] c.p.PrakashStoresApplication             : No active profile set, falling back to 1 default profile: "default"
app-1  | 2026-09-13T08:06:43.534Z  INFO 1 --- [prakashstores] [           main] .s.d.r.c.RepositoryConfigurationDelegate : Bootstrapping Spring Data JPA repositories in DEFAULT mode.
app-1  | 2026-09-13T08:06:43.564Z  INFO 1 --- [prakashstores] [           main] .s.d.r.c.RepositoryConfigurationDelegate : Finished Spring Data repository scanning in 26 ms. Found 12 JPA repository interfaces.
app-1  | 2026-09-13T08:06:43.833Z  INFO 1 --- [prakashstores] [           main] o.s.boot.tomcat.TomcatWebServer          : Tomcat initialized with port 8080 (http)
app-1  | 2026-09-13T08:06:43.839Z  INFO 1 --- [prakashstores] [           main] o.apache.catalina.core.StandardService   : Starting service [Tomcat]
app-1  | 2026-09-13T08:06:43.839Z  INFO 1 --- [prakashstores] [           main] o.apache.catalina.core.StandardEngine    : Starting Servlet engine: [Apache Tomcat/11.0.22]
app-1  | 2026-09-13T08:06:43.850Z  INFO 1 --- [prakashstores] [           main] b.w.c.s.WebApplicationContextInitializer : Root WebApplicationContext: initialization completed in 711 ms
app-1  | 2026-09-13T08:06:43.987Z  INFO 1 --- [prakashstores] [           main] org.hibernate.orm.jpa                    : HHH008540: Processing PersistenceUnitInfo [name: default]
app-1  | 2026-09-13T08:06:44.010Z  INFO 1 --- [prakashstores] [           main] org.hibernate.orm.core                   : HHH000001: Hibernate ORM core version 7.4.1.Final
app-1  | 2026-09-13T08:06:44.192Z  INFO 1 --- [prakashstores] [           main] o.s.o.j.p.SpringPersistenceUnitInfo      : No LoadTimeWeaver setup: ignoring JPA class transformer
app-1  | 2026-09-13T08:06:44.215Z  INFO 1 --- [prakashstores] [           main] com.zaxxer.hikari.HikariDataSource       : HikariPool-1 - Starting...
app-1  | 2026-09-13T08:06:44.309Z  INFO 1 --- [prakashstores] [           main] com.zaxxer.hikari.pool.HikariPool        : HikariPool-1 - Added connection org.postgresql.jdbc.PgConnection@8d7718e
app-1  | 2026-09-13T08:06:44.310Z  INFO 1 --- [prakashstores] [           main] com.zaxxer.hikari.HikariDataSource       : HikariPool-1 - Start completed.
app-1  | 2026-09-13T08:06:44.324Z  WARN 1 --- [prakashstores] [           main] org.hibernate.orm.deprecation            : HHH90000025: PostgreSQLDialect does not need to be specified explicitly using 'hibernate.dialect' (remove the property setting and it will be selected by default)
app-1  | 2026-09-13T08:06:44.335Z  INFO 1 --- [prakashstores] [           main] org.hibernate.orm.connections.pooling    : HHH10001005: Database info:
app-1  | 	Database JDBC URL [jdbc:postgresql://db:5432/prakashstores]
app-1  | 	Database driver: PostgreSQL JDBC Driver
app-1  | 	Database dialect: PostgreSQLDialect
app-1  | 	Database version: 16.15
app-1  | 	Default catalog/schema: prakashstores/public
app-1  | 	Autocommit mode: undefined/unknown
app-1  | 	Isolation level: READ_COMMITTED [default READ_COMMITTED]
app-1  | 	JDBC fetch size: none
app-1  | 	Pool: DataSourceConnectionProvider
app-1  | 	Minimum pool size: undefined/unknown
app-1  | 	Maximum pool size: undefined/unknown
app-1  | 2026-09-13T08:06:44.884Z  INFO 1 --- [prakashstores] [           main] org.hibernate.orm.core                   : HHH000489: No JTA platform available (set 'hibernate.transaction.jta.platform' to enable JTA platform integration)
app-1  | 2026-09-13T08:06:44.917Z  INFO 1 --- [prakashstores] [           main] j.LocalContainerEntityManagerFactoryBean : Initialized JPA EntityManagerFactory for persistence unit 'default'
app-1  | 2026-09-13T08:06:44.950Z  INFO 1 --- [prakashstores] [           main] o.s.d.j.r.query.QueryEnhancerFactories   : Hibernate is in classpath; If applicable, HQL parser will be used.
app-1  | 2026-09-13T08:06:45.037Z  INFO 1 --- [prakashstores] [           main] eAuthenticationProviderManagerConfigurer : Global AuthenticationManager configured with AuthenticationProvider bean with name authenticationProvider
app-1  | 2026-09-13T08:06:45.037Z  WARN 1 --- [prakashstores] [           main] r$InitializeUserDetailsManagerConfigurer : Global AuthenticationManager configured with an AuthenticationProvider bean. UserDetailsService beans will not be used by Spring Security for automatically configuring username/password login. Consider removing the AuthenticationProvider bean. Alternatively, consider using the UserDetailsService in a manually instantiated DaoAuthenticationProvider. If the current configuration is intentional, to turn off this warning, increase the logging level of 'org.springframework.security.config.annotation.authentication.configuration.InitializeUserDetailsBeanManagerConfigurer' to ERROR
app-1  | 2026-09-13T08:06:45.772Z  WARN 1 --- [prakashstores] [           main] ConfigServletWebServerApplicationContext : Exception encountered during context initialization - cancelling refresh attempt: org.springframework.beans.factory.UnsatisfiedDependencyException: Error creating bean with name 'galleryController' defined in URL [jar:nested:/app/app.jar/!BOOT-INF/classes/!/com/prakashstores/controller/GalleryController.class]: Unsatisfied dependency expressed through constructor parameter 0: Error creating bean with name 'mediaAssetService' defined in URL [jar:nested:/app/app.jar/!BOOT-INF/classes/!/com/prakashstores/service/MediaAssetService.class]: Unsatisfied dependency expressed through constructor parameter 1: Error creating bean with name 'minioStorageService': Invocation of init method failed
app-1  | 2026-09-13T08:06:45.774Z  INFO 1 --- [prakashstores] [           main] j.LocalContainerEntityManagerFactoryBean : Closing JPA EntityManagerFactory for persistence unit 'default'
app-1  | 2026-09-13T08:06:45.781Z  INFO 1 --- [prakashstores] [           main] com.zaxxer.hikari.HikariDataSource       : HikariPool-1 - Shutdown initiated...
app-1  | 2026-09-13T08:06:45.786Z  INFO 1 --- [prakashstores] [           main] com.zaxxer.hikari.HikariDataSource       : HikariPool-1 - Shutdown completed.
app-1  | 2026-09-13T08:06:45.791Z  INFO 1 --- [prakashstores] [           main] o.apache.catalina.core.StandardService   : Stopping service [Tomcat]
app-1  | 2026-09-13T08:06:45.801Z  INFO 1 --- [prakashstores] [           main] .s.b.a.l.ConditionEvaluationReportLogger : 
app-1  | 
app-1  | Error starting ApplicationContext. To display the condition evaluation report re-run your application with 'debug' enabled.
app-1  | 2026-09-13T08:06:45.810Z ERROR 1 --- [prakashstores] [           main] o.s.boot.SpringApplication               : Application run failed
app-1  | 
app-1  | org.springframework.beans.factory.UnsatisfiedDependencyException: Error creating bean with name 'galleryController' defined in URL [jar:nested:/app/app.jar/!BOOT-INF/classes/!/com/prakashstores/controller/GalleryController.class]: Unsatisfied dependency expressed through constructor parameter 0: Error creating bean with name 'mediaAssetService' defined in URL [jar:nested:/app/app.jar/!BOOT-INF/classes/!/com/prakashstores/service/MediaAssetService.class]: Unsatisfied dependency expressed through constructor parameter 1: Error creating bean with name 'minioStorageService': Invocation of init method failed
app-1  | 	at org.springframework.beans.factory.support.ConstructorResolver.createArgumentArray(ConstructorResolver.java:804) ~[spring-beans-7.0.8.jar!/:7.0.8]
app-1  | 	at org.springframework.beans.factory.support.ConstructorResolver.autowireConstructor(ConstructorResolver.java:240) ~[spring-beans-7.0.8.jar!/:7.0.8]
app-1  | 	at org.springframework.beans.factory.support.AbstractAutowireCapableBeanFactory.autowireConstructor(AbstractAutowireCapableBeanFactory.java:1380) ~[spring-beans-7.0.8.jar!/:7.0.8]
app-1  | 	at org.springframework.beans.factory.support.AbstractAutowireCapableBeanFactory.createBeanInstance(AbstractAutowireCapableBeanFactory.java:1219) ~[spring-beans-7.0.8.jar!/:7.0.8]
app-1  | 	at org.springframework.beans.factory.support.AbstractAutowireCapableBeanFactory.doCreateBean(AbstractAutowireCapableBeanFactory.java:565) ~[spring-beans-7.0.8.jar!/:7.0.8]
app-1  | 	at org.springframework.beans.factory.support.AbstractAutowireCapableBeanFactory.createBean(AbstractAutowireCapableBeanFactory.java:525) ~[spring-beans-7.0.8.jar!/:7.0.8]
app-1  | 	at org.springframework.beans.factory.support.AbstractBeanFactory.lambda$doGetBean$0(AbstractBeanFactory.java:333) ~[spring-beans-7.0.8.jar!/:7.0.8]
app-1  | 	at org.springframework.beans.factory.support.DefaultSingletonBeanRegistry.getSingleton(DefaultSingletonBeanRegistry.java:371) ~[spring-beans-7.0.8.jar!/:7.0.8]
app-1  | 	at org.springframework.beans.factory.support.AbstractBeanFactory.doGetBean(AbstractBeanFactory.java:331) ~[spring-beans-7.0.8.jar!/:7.0.8]
app-1  | 	at org.springframework.beans.factory.support.AbstractBeanFactory.getBean(AbstractBeanFactory.java:196) ~[spring-beans-7.0.8.jar!/:7.0.8]
app-1  | 	at org.springframework.beans.factory.support.DefaultListableBeanFactory.instantiateSingleton(DefaultListableBeanFactory.java:1225) ~[spring-beans-7.0.8.jar!/:7.0.8]
app-1  | 	at org.springframework.beans.factory.support.DefaultListableBeanFactory.preInstantiateSingleton(DefaultListableBeanFactory.java:1191) ~[spring-beans-7.0.8.jar!/:7.0.8]
app-1  | 	at org.springframework.beans.factory.support.DefaultListableBeanFactory.preInstantiateSingletons(DefaultListableBeanFactory.java:1121) ~[spring-beans-7.0.8.jar!/:7.0.8]
app-1  | 	at org.springframework.context.support.AbstractApplicationContext.finishBeanFactoryInitialization(AbstractApplicationContext.java:994) ~[spring-context-7.0.8.jar!/:7.0.8]
app-1  | 	at org.springframework.context.support.AbstractApplicationContext.refresh(AbstractApplicationContext.java:621) ~[spring-context-7.0.8.jar!/:7.0.8]
app-1  | 	at org.springframework.boot.web.server.servlet.context.ServletWebServerApplicationContext.refresh(ServletWebServerApplicationContext.java:143) ~[spring-boot-web-server-4.1.0.jar!/:4.1.0]
app-1  | 	at org.springframework.boot.SpringApplication.refresh(SpringApplication.java:756) ~[spring-boot-4.1.0.jar!/:4.1.0]
app-1  | 	at org.springframework.boot.SpringApplication.refreshContext(SpringApplication.java:445) ~[spring-boot-4.1.0.jar!/:4.1.0]
app-1  | 	at org.springframework.boot.SpringApplication.run(SpringApplication.java:321) ~[spring-boot-4.1.0.jar!/:4.1.0]
app-1  | 	at org.springframework.boot.SpringApplication.run(SpringApplication.java:1365) ~[spring-boot-4.1.0.jar!/:4.1.0]
app-1  | 	at org.springframework.boot.SpringApplication.run(SpringApplication.java:1354) ~[spring-boot-4.1.0.jar!/:4.1.0]
app-1  | 	at com.prakashstores.PrakashStoresApplication.main(PrakashStoresApplication.java:9) ~[!/:0.0.1-SNAPSHOT]
app-1  | 	at java.base/jdk.internal.reflect.NativeMethodAccessorImpl.invoke0(Native Method) ~[na:na]
app-1  | 	at java.base/jdk.internal.reflect.NativeMethodAccessorImpl.invoke(Unknown Source) ~[na:na]
app-1  | 	at java.base/jdk.internal.reflect.DelegatingMethodAccessorImpl.invoke(Unknown Source) ~[na:na]
app-1  | 	at java.base/java.lang.reflect.Method.invoke(Unknown Source) ~[na:na]
app-1  | 	at org.springframework.boot.loader.launch.Launcher.launch(Launcher.java:106) ~[app.jar:0.0.1-SNAPSHOT]
app-1  | 	at org.springframework.boot.loader.launch.Launcher.launch(Launcher.java:64) ~[app.jar:0.0.1-SNAPSHOT]
app-1  | 	at org.springframework.boot.loader.launch.JarLauncher.main(JarLauncher.java:40) ~[app.jar:0.0.1-SNAPSHOT]
app-1  | Caused by: org.springframework.beans.factory.UnsatisfiedDependencyException: Error creating bean with name 'mediaAssetService' defined in URL [jar:nested:/app/app.jar/!BOOT-INF/classes/!/com/prakashstores/service/MediaAssetService.class]: Unsatisfied dependency expressed through constructor parameter 1: Error creating bean with name 'minioStorageService': Invocation of init method failed
app-1  | 	at org.springframework.beans.factory.support.ConstructorResolver.createArgumentArray(ConstructorResolver.java:804) ~[spring-beans-7.0.8.jar!/:7.0.8]
app-1  | 	at org.springframework.beans.factory.support.ConstructorResolver.autowireConstructor(ConstructorResolver.java:240) ~[spring-beans-7.0.8.jar!/:7.0.8]
app-1  | 	at org.springframework.beans.factory.support.AbstractAutowireCapableBeanFactory.autowireConstructor(AbstractAutowireCapableBeanFactory.java:1380) ~[spring-beans-7.0.8.jar!/:7.0.8]
app-1  | 	at org.springframework.beans.factory.support.AbstractAutowireCapableBeanFactory.createBeanInstance(AbstractAutowireCapableBeanFactory.java:1219) ~[spring-beans-7.0.8.jar!/:7.0.8]
app-1  | 	at org.springframework.beans.factory.support.AbstractAutowireCapableBeanFactory.doCreateBean(AbstractAutowireCapableBeanFactory.java:565) ~[spring-beans-7.0.8.jar!/:7.0.8]
app-1  | 	at org.springframework.beans.factory.support.AbstractAutowireCapableBeanFactory.createBean(AbstractAutowireCapableBeanFactory.java:525) ~[spring-beans-7.0.8.jar!/:7.0.8]
app-1  | 	at org.springframework.beans.factory.support.AbstractBeanFactory.lambda$doGetBean$0(AbstractBeanFactory.java:333) ~[spring-beans-7.0.8.jar!/:7.0.8]
app-1  | 	at org.springframework.beans.factory.support.DefaultSingletonBeanRegistry.getSingleton(DefaultSingletonBeanRegistry.java:371) ~[spring-beans-7.0.8.jar!/:7.0.8]
app-1  | 	at org.springframework.beans.factory.support.AbstractBeanFactory.doGetBean(AbstractBeanFactory.java:331) ~[spring-beans-7.0.8.jar!/:7.0.8]
app-1  | 	at org.springframework.beans.factory.support.AbstractBeanFactory.getBean(AbstractBeanFactory.java:201) ~[spring-beans-7.0.8.jar!/:7.0.8]
app-1  | 	at org.springframework.beans.factory.support.DefaultListableBeanFactory.resolveBean(DefaultListableBeanFactory.java:1232) ~[spring-beans-7.0.8.jar!/:7.0.8]
app-1  | 	at org.springframework.beans.factory.support.DefaultListableBeanFactory.doResolveDependency(DefaultListableBeanFactory.java:1711) ~[spring-beans-7.0.8.jar!/:7.0.8]
app-1  | 	at org.springframework.beans.factory.support.DefaultListableBeanFactory.resolveDependency(DefaultListableBeanFactory.java:1658) ~[spring-beans-7.0.8.jar!/:7.0.8]
app-1  | 	at org.springframework.beans.factory.support.ConstructorResolver.resolveAutowiredArgument(ConstructorResolver.java:912) ~[spring-beans-7.0.8.jar!/:7.0.8]
app-1  | 	at org.springframework.beans.factory.support.ConstructorResolver.createArgumentArray(ConstructorResolver.java:791) ~[spring-beans-7.0.8.jar!/:7.0.8]
app-1  | 	... 28 common frames omitted
app-1  | Caused by: org.springframework.beans.factory.BeanCreationException: Error creating bean with name 'minioStorageService': Invocation of init method failed
app-1  | 	at org.springframework.beans.factory.annotation.InitDestroyAnnotationBeanPostProcessor.postProcessBeforeInitialization(InitDestroyAnnotationBeanPostProcessor.java:220) ~[spring-beans-7.0.8.jar!/:7.0.8]
app-1  | 	at org.springframework.beans.factory.support.AbstractAutowireCapableBeanFactory.applyBeanPostProcessorsBeforeInitialization(AbstractAutowireCapableBeanFactory.java:426) ~[spring-beans-7.0.8.jar!/:7.0.8]
app-1  | 	at org.springframework.beans.factory.support.AbstractAutowireCapableBeanFactory.initializeBean(AbstractAutowireCapableBeanFactory.java:1807) ~[spring-beans-7.0.8.jar!/:7.0.8]
app-1  | 	at org.springframework.beans.factory.support.AbstractAutowireCapableBeanFactory.doCreateBean(AbstractAutowireCapableBeanFactory.java:603) ~[spring-beans-7.0.8.jar!/:7.0.8]
app-1  | 	at org.springframework.beans.factory.support.AbstractAutowireCapableBeanFactory.createBean(AbstractAutowireCapableBeanFactory.java:525) ~[spring-beans-7.0.8.jar!/:7.0.8]
app-1  | 	at org.springframework.beans.factory.support.AbstractBeanFactory.lambda$doGetBean$0(AbstractBeanFactory.java:333) ~[spring-beans-7.0.8.jar!/:7.0.8]
app-1  | 	at org.springframework.beans.factory.support.DefaultSingletonBeanRegistry.getSingleton(DefaultSingletonBeanRegistry.java:371) ~[spring-beans-7.0.8.jar!/:7.0.8]
app-1  | 	at org.springframework.beans.factory.support.AbstractBeanFactory.doGetBean(AbstractBeanFactory.java:331) ~[spring-beans-7.0.8.jar!/:7.0.8]
app-1  | 	at org.springframework.beans.factory.support.AbstractBeanFactory.getBean(AbstractBeanFactory.java:201) ~[spring-beans-7.0.8.jar!/:7.0.8]
app-1  | 	at org.springframework.beans.factory.config.DependencyDescriptor.resolveCandidate(DependencyDescriptor.java:229) ~[spring-beans-7.0.8.jar!/:7.0.8]
app-1  | 	at org.springframework.beans.factory.support.DefaultListableBeanFactory.doResolveDependency(DefaultListableBeanFactory.java:1769) ~[spring-beans-7.0.8.jar!/:7.0.8]
app-1  | 	at org.springframework.beans.factory.support.DefaultListableBeanFactory.resolveDependency(DefaultListableBeanFactory.java:1658) ~[spring-beans-7.0.8.jar!/:7.0.8]
app-1  | 	at org.springframework.beans.factory.support.ConstructorResolver.resolveAutowiredArgument(ConstructorResolver.java:912) ~[spring-beans-7.0.8.jar!/:7.0.8]
app-1  | 	at org.springframework.beans.factory.support.ConstructorResolver.createArgumentArray(ConstructorResolver.java:791) ~[spring-beans-7.0.8.jar!/:7.0.8]
app-1  | 	... 42 common frames omitted
app-1  | Caused by: software.amazon.awssdk.core.exception.SdkClientException: Received an UnknownHostException when attempting to interact with a service. See cause for the exact endpoint that is failing to resolve. If this is happening on an endpoint that previously worked, there may be a network connectivity issue or your DNS cache could be storing endpoints for too long.
app-1  | 	at software.amazon.awssdk.core.exception.SdkClientException$BuilderImpl.build(SdkClientException.java:130) ~[sdk-core-2.31.6.jar!/:na]
app-1  | 	at software.amazon.awssdk.awscore.interceptor.HelpfulUnknownHostExceptionInterceptor.modifyException(HelpfulUnknownHostExceptionInterceptor.java:59) ~[aws-core-2.31.6.jar!/:na]
app-1  | 	at software.amazon.awssdk.core.interceptor.ExecutionInterceptorChain.modifyException(ExecutionInterceptorChain.java:181) ~[sdk-core-2.31.6.jar!/:na]
app-1  | 	at software.amazon.awssdk.core.internal.http.pipeline.stages.utils.ExceptionReportingUtils.runModifyException(ExceptionReportingUtils.java:54) ~[sdk-core-2.31.6.jar!/:na]
app-1  | 	at software.amazon.awssdk.core.internal.http.pipeline.stages.utils.ExceptionReportingUtils.reportFailureToInterceptors(ExceptionReportingUtils.java:38) ~[sdk-core-2.31.6.jar!/:na]
app-1  | 	at software.amazon.awssdk.core.internal.http.pipeline.stages.ExecutionFailureExceptionReportingStage.execute(ExecutionFailureExceptionReportingStage.java:39) ~[sdk-core-2.31.6.jar!/:na]
app-1  | 	at software.amazon.awssdk.core.internal.http.pipeline.stages.ExecutionFailureExceptionReportingStage.execute(ExecutionFailureExceptionReportingStage.java:26) ~[sdk-core-2.31.6.jar!/:na]
app-1  | 	at software.amazon.awssdk.core.internal.http.AmazonSyncHttpClient$RequestExecutionBuilderImpl.execute(AmazonSyncHttpClient.java:210) ~[sdk-core-2.31.6.jar!/:na]
app-1  | 	at software.amazon.awssdk.core.internal.handler.BaseSyncClientHandler.invoke(BaseSyncClientHandler.java:103) ~[sdk-core-2.31.6.jar!/:na]
app-1  | 	at software.amazon.awssdk.core.internal.handler.BaseSyncClientHandler.doExecute(BaseSyncClientHandler.java:173) ~[sdk-core-2.31.6.jar!/:na]
app-1  | 	at software.amazon.awssdk.core.internal.handler.BaseSyncClientHandler.lambda$execute$1(BaseSyncClientHandler.java:80) ~[sdk-core-2.31.6.jar!/:na]
app-1  | 	at software.amazon.awssdk.core.internal.handler.BaseSyncClientHandler.measureApiCallSuccess(BaseSyncClientHandler.java:182) ~[sdk-core-2.31.6.jar!/:na]
app-1  | 	at software.amazon.awssdk.core.internal.handler.BaseSyncClientHandler.execute(BaseSyncClientHandler.java:74) ~[sdk-core-2.31.6.jar!/:na]
app-1  | 	at software.amazon.awssdk.core.client.handler.SdkSyncClientHandler.execute(SdkSyncClientHandler.java:45) ~[sdk-core-2.31.6.jar!/:na]
app-1  | 	at software.amazon.awssdk.awscore.client.handler.AwsSyncClientHandler.execute(AwsSyncClientHandler.java:53) ~[aws-core-2.31.6.jar!/:na]
app-1  | 	at software.amazon.awssdk.services.s3.DefaultS3Client.headBucket(DefaultS3Client.java:6818) ~[s3-2.31.6.jar!/:na]
app-1  | 	at software.amazon.awssdk.services.s3.S3Client.headBucket(S3Client.java:12933) ~[s3-2.31.6.jar!/:na]
app-1  | 	at com.prakashstores.storage.MinioStorageService.ensureBucket(MinioStorageService.java:40) ~[!/:0.0.1-SNAPSHOT]
app-1  | 	at java.base/jdk.internal.reflect.NativeMethodAccessorImpl.invoke0(Native Method) ~[na:na]
app-1  | 	at java.base/jdk.internal.reflect.NativeMethodAccessorImpl.invoke(Unknown Source) ~[na:na]
app-1  | 	at java.base/jdk.internal.reflect.DelegatingMethodAccessorImpl.invoke(Unknown Source) ~[na:na]
app-1  | 	at java.base/java.lang.reflect.Method.invoke(Unknown Source) ~[na:na]
app-1  | 	at org.springframework.beans.factory.annotation.InitDestroyAnnotationBeanPostProcessor$LifecycleMethod.invoke(InitDestroyAnnotationBeanPostProcessor.java:453) ~[spring-beans-7.0.8.jar!/:7.0.8]
app-1  | 	at org.springframework.beans.factory.annotation.InitDestroyAnnotationBeanPostProcessor$LifecycleMetadata.invokeInitMethods(InitDestroyAnnotationBeanPostProcessor.java:397) ~[spring-beans-7.0.8.jar!/:7.0.8]
app-1  | 	at org.springframework.beans.factory.annotation.InitDestroyAnnotationBeanPostProcessor.postProcessBeforeInitialization(InitDestroyAnnotationBeanPostProcessor.java:217) ~[spring-beans-7.0.8.jar!/:7.0.8]
app-1  | 	... 55 common frames omitted
app-1  | Caused by: software.amazon.awssdk.core.exception.SdkClientException: Unable to execute HTTP request: minio (SDK Attempt Count: 4)
app-1  | 	at software.amazon.awssdk.core.exception.SdkClientException$BuilderImpl.build(SdkClientException.java:130) ~[sdk-core-2.31.6.jar!/:na]
app-1  | 	at software.amazon.awssdk.core.exception.SdkClientException$BuilderImpl.build(SdkClientException.java:95) ~[sdk-core-2.31.6.jar!/:na]
app-1  | 	at software.amazon.awssdk.core.internal.http.pipeline.stages.utils.RetryableStageHelper.retryPolicyDisallowedRetryException(RetryableStageHelper.java:168) ~[sdk-core-2.31.6.jar!/:na]
app-1  | 	at software.amazon.awssdk.core.internal.http.pipeline.stages.RetryableStage.execute(RetryableStage.java:73) ~[sdk-core-2.31.6.jar!/:na]
app-1  | 	at software.amazon.awssdk.core.internal.http.pipeline.stages.RetryableStage.execute(RetryableStage.java:36) ~[sdk-core-2.31.6.jar!/:na]
app-1  | 	at software.amazon.awssdk.core.internal.http.pipeline.RequestPipelineBuilder$ComposingRequestPipelineStage.execute(RequestPipelineBuilder.java:206) ~[sdk-core-2.31.6.jar!/:na]
app-1  | 	at software.amazon.awssdk.core.internal.http.StreamManagingStage.execute(StreamManagingStage.java:53) ~[sdk-core-2.31.6.jar!/:na]
app-1  | 	at software.amazon.awssdk.core.internal.http.StreamManagingStage.execute(StreamManagingStage.java:35) ~[sdk-core-2.31.6.jar!/:na]
app-1  | 	at software.amazon.awssdk.core.internal.http.pipeline.stages.ApiCallTimeoutTrackingStage.executeWithTimer(ApiCallTimeoutTrackingStage.java:82) ~[sdk-core-2.31.6.jar!/:na]
app-1  | 	at software.amazon.awssdk.core.internal.http.pipeline.stages.ApiCallTimeoutTrackingStage.execute(ApiCallTimeoutTrackingStage.java:62) ~[sdk-core-2.31.6.jar!/:na]
app-1  | 	at software.amazon.awssdk.core.internal.http.pipeline.stages.ApiCallTimeoutTrackingStage.execute(ApiCallTimeoutTrackingStage.java:43) ~[sdk-core-2.31.6.jar!/:na]
app-1  | 	at software.amazon.awssdk.core.internal.http.pipeline.stages.ApiCallMetricCollectionStage.execute(ApiCallMetricCollectionStage.java:50) ~[sdk-core-2.31.6.jar!/:na]
app-1  | 	at software.amazon.awssdk.core.internal.http.pipeline.stages.ApiCallMetricCollectionStage.execute(ApiCallMetricCollectionStage.java:32) ~[sdk-core-2.31.6.jar!/:na]
app-1  | 	at software.amazon.awssdk.core.internal.http.pipeline.RequestPipelineBuilder$ComposingRequestPipelineStage.execute(RequestPipelineBuilder.java:206) ~[sdk-core-2.31.6.jar!/:na]
app-1  | 	at software.amazon.awssdk.core.internal.http.pipeline.RequestPipelineBuilder$ComposingRequestPipelineStage.execute(RequestPipelineBuilder.java:206) ~[sdk-core-2.31.6.jar!/:na]
app-1  | 	at software.amazon.awssdk.core.internal.http.pipeline.stages.ExecutionFailureExceptionReportingStage.execute(ExecutionFailureExceptionReportingStage.java:37) ~[sdk-core-2.31.6.jar!/:na]
app-1  | 	... 74 common frames omitted
app-1  | 	Suppressed: software.amazon.awssdk.core.exception.SdkClientException: Request attempt 1 failure: Unable to execute HTTP request: minio: Name or service not known
app-1  | 	Suppressed: software.amazon.awssdk.core.exception.SdkClientException: Request attempt 2 failure: Unable to execute HTTP request: minio
app-1  | 	Suppressed: software.amazon.awssdk.core.exception.SdkClientException: Request attempt 3 failure: Unable to execute HTTP request: minio
app-1  | Caused by: java.net.UnknownHostException: minio
app-1  | 	at java.base/java.net.InetAddress$CachedAddresses.get(Unknown Source) ~[na:na]
app-1  | 	at java.base/java.net.InetAddress.getAllByName0(Unknown Source) ~[na:na]
app-1  | 	at java.base/java.net.InetAddress.getAllByName(Unknown Source) ~[na:na]
app-1  | 	at java.base/java.net.InetAddress.getAllByName(Unknown Source) ~[na:na]
app-1  | 	at org.apache.http.impl.conn.SystemDefaultDnsResolver.resolve(SystemDefaultDnsResolver.java:45) ~[httpclient-4.5.13.jar!/:4.5.13]
app-1  | 	at org.apache.http.impl.conn.DefaultHttpClientConnectionOperator.connect(DefaultHttpClientConnectionOperator.java:112) ~[httpclient-4.5.13.jar!/:4.5.13]
app-1  | 	at org.apache.http.impl.conn.PoolingHttpClientConnectionManager.connect(PoolingHttpClientConnectionManager.java:376) ~[httpclient-4.5.13.jar!/:4.5.13]
app-1  | 	at software.amazon.awssdk.http.apache.internal.conn.ClientConnectionManagerFactory$DelegatingHttpClientConnectionManager.connect(ClientConnectionManagerFactory.java:86) ~[apache-client-2.31.6.jar!/:na]
app-1  | 	at org.apache.http.impl.execchain.MainClientExec.establishRoute(MainClientExec.java:393) ~[httpclient-4.5.13.jar!/:4.5.13]
app-1  | 	at org.apache.http.impl.execchain.MainClientExec.execute(MainClientExec.java:236) ~[httpclient-4.5.13.jar!/:4.5.13]
app-1  | 	at org.apache.http.impl.execchain.ProtocolExec.execute(ProtocolExec.java:186) ~[httpclient-4.5.13.jar!/:4.5.13]
app-1  | 	at org.apache.http.impl.client.InternalHttpClient.doExecute(InternalHttpClient.java:185) ~[httpclient-4.5.13.jar!/:4.5.13]
app-1  | 	at org.apache.http.impl.client.CloseableHttpClient.execute(CloseableHttpClient.java:83) ~[httpclient-4.5.13.jar!/:4.5.13]
app-1  | 	at org.apache.http.impl.client.CloseableHttpClient.execute(CloseableHttpClient.java:56) ~[httpclient-4.5.13.jar!/:4.5.13]
app-1  | 	at software.amazon.awssdk.http.apache.internal.impl.ApacheSdkHttpClient.execute(ApacheSdkHttpClient.java:72) ~[apache-client-2.31.6.jar!/:na]
app-1  | 	at software.amazon.awssdk.http.apache.ApacheHttpClient.execute(ApacheHttpClient.java:259) ~[apache-client-2.31.6.jar!/:na]
app-1  | 	at software.amazon.awssdk.http.apache.ApacheHttpClient.access$600(ApacheHttpClient.java:104) ~[apache-client-2.31.6.jar!/:na]
app-1  | 	at software.amazon.awssdk.http.apache.ApacheHttpClient$1.call(ApacheHttpClient.java:236) ~[apache-client-2.31.6.jar!/:na]
app-1  | 	at software.amazon.awssdk.http.apache.ApacheHttpClient$1.call(ApacheHttpClient.java:233) ~[apache-client-2.31.6.jar!/:na]
app-1  | 	at software.amazon.awssdk.core.internal.util.MetricUtils.measureDurationUnsafe(MetricUtils.java:102) ~[sdk-core-2.31.6.jar!/:na]
app-1  | 	at software.amazon.awssdk.core.internal.http.pipeline.stages.MakeHttpRequestStage.executeHttpRequest(MakeHttpRequestStage.java:88) ~[sdk-core-2.31.6.jar!/:na]
app-1  | 	at software.amazon.awssdk.core.internal.http.pipeline.stages.MakeHttpRequestStage.execute(MakeHttpRequestStage.java:64) ~[sdk-core-2.31.6.jar!/:na]
app-1  | 	at software.amazon.awssdk.core.internal.http.pipeline.stages.MakeHttpRequestStage.execute(MakeHttpRequestStage.java:46) ~[sdk-core-2.31.6.jar!/:na]
app-1  | 	at software.amazon.awssdk.core.internal.http.pipeline.RequestPipelineBuilder$ComposingRequestPipelineStage.execute(RequestPipelineBuilder.java:206) ~[sdk-core-2.31.6.jar!/:na]
app-1  | 	at software.amazon.awssdk.core.internal.http.pipeline.RequestPipelineBuilder$ComposingRequestPipelineStage.execute(RequestPipelineBuilder.java:206) ~[sdk-core-2.31.6.jar!/:na]
app-1  | 	at software.amazon.awssdk.core.internal.http.pipeline.RequestPipelineBuilder$ComposingRequestPipelineStage.execute(RequestPipelineBuilder.java:206) ~[sdk-core-2.31.6.jar!/:na]
app-1  | 	at software.amazon.awssdk.core.internal.http.pipeline.RequestPipelineBuilder$ComposingRequestPipelineStage.execute(RequestPipelineBuilder.java:206) ~[sdk-core-2.31.6.jar!/:na]
app-1  | 	at software.amazon.awssdk.core.internal.http.pipeline.stages.ApiCallAttemptTimeoutTrackingStage.execute(ApiCallAttemptTimeoutTrackingStage.java:74) ~[sdk-core-2.31.6.jar!/:na]
app-1  | 	at software.amazon.awssdk.core.internal.http.pipeline.stages.ApiCallAttemptTimeoutTrackingStage.execute(ApiCallAttemptTimeoutTrackingStage.java:43) ~[sdk-core-2.31.6.jar!/:na]
app-1  | 	at software.amazon.awssdk.core.internal.http.pipeline.stages.TimeoutExceptionHandlingStage.execute(TimeoutExceptionHandlingStage.java:79) ~[sdk-core-2.31.6.jar!/:na]
app-1  | 	at software.amazon.awssdk.core.internal.http.pipeline.stages.TimeoutExceptionHandlingStage.execute(TimeoutExceptionHandlingStage.java:41) ~[sdk-core-2.31.6.jar!/:na]
app-1  | 	at software.amazon.awssdk.core.internal.http.pipeline.stages.ApiCallAttemptMetricCollectionStage.execute(ApiCallAttemptMetricCollectionStage.java:55) ~[sdk-core-2.31.6.jar!/:na]
app-1  | 	at software.amazon.awssdk.core.internal.http.pipeline.stages.ApiCallAttemptMetricCollectionStage.execute(ApiCallAttemptMetricCollectionStage.java:39) ~[sdk-core-2.31.6.jar!/:na]
app-1  | 	at software.amazon.awssdk.core.internal.http.pipeline.stages.RetryableStage.executeRequest(RetryableStage.java:93) ~[sdk-core-2.31.6.jar!/:na]
app-1  | 	at software.amazon.awssdk.core.internal.http.pipeline.stages.RetryableStage.execute(RetryableStage.java:56) ~[sdk-core-2.31.6.jar!/:na]
app-1  | 	... 86 common frames omitted
app-1  | 
app-1  | 
app-1  |   .   ____          _            __ _ _
app-1  |  /\\ / ___'_ __ _ _(_)_ __  __ _ \ \ \ \
app-1  | ( ( )\___ | '_ | '_| | '_ \/ _` | \ \ \ \
app-1  |  \\/  ___)| |_)| | | | | || (_| |  ) ) ) )
app-1  |   '  |____| .__|_| |_|_| |_\__, | / / / /
app-1  |  =========|_|==============|___/=/_/_/_/
app-1  | 
app-1  |  :: Spring Boot ::                (v4.1.0)
app-1  | 
app-1  | 2026-09-13T08:06:52.852Z  INFO 1 --- [prakashstores] [           main] c.p.PrakashStoresApplication             : Starting PrakashStoresApplication v0.0.1-SNAPSHOT using Java 17.0.19 with PID 1 (/app/app.jar started by app in /app)
app-1  | 2026-09-13T08:06:52.853Z  INFO 1 --- [prakashstores] [           main] c.p.PrakashStoresApplication             : No active profile set, falling back to 1 default profile: "default"
app-1  | 2026-09-13T08:06:53.321Z  INFO 1 --- [prakashstores] [           main] .s.d.r.c.RepositoryConfigurationDelegate : Bootstrapping Spring Data JPA repositories in DEFAULT mode.
app-1  | 2026-09-13T08:06:53.353Z  INFO 1 --- [prakashstores] [           main] .s.d.r.c.RepositoryConfigurationDelegate : Finished Spring Data repository scanning in 28 ms. Found 12 JPA repository interfaces.
app-1  | 2026-09-13T08:06:53.740Z  INFO 1 --- [prakashstores] [           main] o.s.boot.tomcat.TomcatWebServer          : Tomcat initialized with port 8080 (http)
app-1  | 2026-09-13T08:06:53.747Z  INFO 1 --- [prakashstores] [           main] o.apache.catalina.core.StandardService   : Starting service [Tomcat]
app-1  | 2026-09-13T08:06:53.748Z  INFO 1 --- [prakashstores] [           main] o.apache.catalina.core.StandardEngine    : Starting Servlet engine: [Apache Tomcat/11.0.22]
app-1  | 2026-09-13T08:06:53.770Z  INFO 1 --- [prakashstores] [           main] b.w.c.s.WebApplicationContextInitializer : Root WebApplicationContext: initialization completed in 879 ms
app-1  | 2026-09-13T08:06:53.957Z  INFO 1 --- [prakashstores] [           main] org.hibernate.orm.jpa                    : HHH008540: Processing PersistenceUnitInfo [name: default]
app-1  | 2026-09-13T08:06:53.983Z  INFO 1 --- [prakashstores] [           main] org.hibernate.orm.core                   : HHH000001: Hibernate ORM core version 7.4.1.Final
app-1  | 2026-09-13T08:06:54.186Z  INFO 1 --- [prakashstores] [           main] o.s.o.j.p.SpringPersistenceUnitInfo      : No LoadTimeWeaver setup: ignoring JPA class transformer
app-1  | 2026-09-13T08:06:54.200Z  INFO 1 --- [prakashstores] [           main] com.zaxxer.hikari.HikariDataSource       : HikariPool-1 - Starting...
app-1  | 2026-09-13T08:06:54.293Z  INFO 1 --- [prakashstores] [           main] com.zaxxer.hikari.pool.HikariPool        : HikariPool-1 - Added connection org.postgresql.jdbc.PgConnection@8d7718e
app-1  | 2026-09-13T08:06:54.294Z  INFO 1 --- [prakashstores] [           main] com.zaxxer.hikari.HikariDataSource       : HikariPool-1 - Start completed.
app-1  | 2026-09-13T08:06:54.309Z  WARN 1 --- [prakashstores] [           main] org.hibernate.orm.deprecation            : HHH90000025: PostgreSQLDialect does not need to be specified explicitly using 'hibernate.dialect' (remove the property setting and it will be selected by default)
app-1  | 2026-09-13T08:06:54.322Z  INFO 1 --- [prakashstores] [           main] org.hibernate.orm.connections.pooling    : HHH10001005: Database info:
app-1  | 	Database JDBC URL [jdbc:postgresql://db:5432/prakashstores]
app-1  | 	Database driver: PostgreSQL JDBC Driver
app-1  | 	Database dialect: PostgreSQLDialect
app-1  | 	Database version: 16.15
app-1  | 	Default catalog/schema: prakashstores/public
app-1  | 	Autocommit mode: undefined/unknown
app-1  | 	Isolation level: READ_COMMITTED [default READ_COMMITTED]
app-1  | 	JDBC fetch size: none
app-1  | 	Pool: DataSourceConnectionProvider
app-1  | 	Minimum pool size: undefined/unknown
app-1  | 	Maximum pool size: undefined/unknown
app-1  | 2026-09-13T08:06:54.880Z  INFO 1 --- [prakashstores] [           main] org.hibernate.orm.core                   : HHH000489: No JTA platform available (set 'hibernate.transaction.jta.platform' to enable JTA platform integration)
app-1  | 2026-09-13T08:06:54.917Z  INFO 1 --- [prakashstores] [           main] j.LocalContainerEntityManagerFactoryBean : Initialized JPA EntityManagerFactory for persistence unit 'default'
app-1  | 2026-09-13T08:06:54.958Z  INFO 1 --- [prakashstores] [           main] o.s.d.j.r.query.QueryEnhancerFactories   : Hibernate is in classpath; If applicable, HQL parser will be used.
app-1  | 2026-09-13T08:06:55.060Z  INFO 1 --- [prakashstores] [           main] eAuthenticationProviderManagerConfigurer : Global AuthenticationManager configured with AuthenticationProvider bean with name authenticationProvider
app-1  | 2026-09-13T08:06:55.060Z  WARN 1 --- [prakashstores] [           main] r$InitializeUserDetailsManagerConfigurer : Global AuthenticationManager configured with an AuthenticationProvider bean. UserDetailsService beans will not be used by Spring Security for automatically configuring username/password login. Consider removing the AuthenticationProvider bean. Alternatively, consider using the UserDetailsService in a manually instantiated DaoAuthenticationProvider. If the current configuration is intentional, to turn off this warning, increase the logging level of 'org.springframework.security.config.annotation.authentication.configuration.InitializeUserDetailsBeanManagerConfigurer' to ERROR
app-1  | 2026-09-13T08:06:56.063Z  WARN 1 --- [prakashstores] [           main] ConfigServletWebServerApplicationContext : Exception encountered during context initialization - cancelling refresh attempt: org.springframework.beans.factory.UnsatisfiedDependencyException: Error creating bean with name 'galleryController' defined in URL [jar:nested:/app/app.jar/!BOOT-INF/classes/!/com/prakashstores/controller/GalleryController.class]: Unsatisfied dependency expressed through constructor parameter 0: Error creating bean with name 'mediaAssetService' defined in URL [jar:nested:/app/app.jar/!BOOT-INF/classes/!/com/prakashstores/service/MediaAssetService.class]: Unsatisfied dependency expressed through constructor parameter 1: Error creating bean with name 'minioStorageService': Invocation of init method failed
app-1  | 2026-09-13T08:06:56.065Z  INFO 1 --- [prakashstores] [           main] j.LocalContainerEntityManagerFactoryBean : Closing JPA EntityManagerFactory for persistence unit 'default'
app-1  | 2026-09-13T08:06:56.071Z  INFO 1 --- [prakashstores] [           main] com.zaxxer.hikari.HikariDataSource       : HikariPool-1 - Shutdown initiated...
app-1  | 2026-09-13T08:06:56.075Z  INFO 1 --- [prakashstores] [           main] com.zaxxer.hikari.HikariDataSource       : HikariPool-1 - Shutdown completed.
app-1  | 2026-09-13T08:06:56.079Z  INFO 1 --- [prakashstores] [           main] o.apache.catalina.core.StandardService   : Stopping service [Tomcat]
app-1  | 2026-09-13T08:06:56.088Z  INFO 1 --- [prakashstores] [           main] .s.b.a.l.ConditionEvaluationReportLogger : 
app-1  | 
app-1  | Error starting ApplicationContext. To display the condition evaluation report re-run your application with 'debug' enabled.
app-1  | 2026-09-13T08:06:56.101Z ERROR 1 --- [prakashstores] [           main] o.s.boot.SpringApplication               : Application run failed
app-1  | 
app-1  | org.springframework.beans.factory.UnsatisfiedDependencyException: Error creating bean with name 'galleryController' defined in URL [jar:nested:/app/app.jar/!BOOT-INF/classes/!/com/prakashstores/controller/GalleryController.class]: Unsatisfied dependency expressed through constructor parameter 0: Error creating bean with name 'mediaAssetService' defined in URL [jar:nested:/app/app.jar/!BOOT-INF/classes/!/com/prakashstores/service/MediaAssetService.class]: Unsatisfied dependency expressed through constructor parameter 1: Error creating bean with name 'minioStorageService': Invocation of init method failed
app-1  | 	at org.springframework.beans.factory.support.ConstructorResolver.createArgumentArray(ConstructorResolver.java:804) ~[spring-beans-7.0.8.jar!/:7.0.8]
app-1  | 	at org.springframework.beans.factory.support.ConstructorResolver.autowireConstructor(ConstructorResolver.java:240) ~[spring-beans-7.0.8.jar!/:7.0.8]
app-1  | 	at org.springframework.beans.factory.support.AbstractAutowireCapableBeanFactory.autowireConstructor(AbstractAutowireCapableBeanFactory.java:1380) ~[spring-beans-7.0.8.jar!/:7.0.8]
app-1  | 	at org.springframework.beans.factory.support.AbstractAutowireCapableBeanFactory.createBeanInstance(AbstractAutowireCapableBeanFactory.java:1219) ~[spring-beans-7.0.8.jar!/:7.0.8]
app-1  | 	at org.springframework.beans.factory.support.AbstractAutowireCapableBeanFactory.doCreateBean(AbstractAutowireCapableBeanFactory.java:565) ~[spring-beans-7.0.8.jar!/:7.0.8]
app-1  | 	at org.springframework.beans.factory.support.AbstractAutowireCapableBeanFactory.createBean(AbstractAutowireCapableBeanFactory.java:525) ~[spring-beans-7.0.8.jar!/:7.0.8]
app-1  | 	at org.springframework.beans.factory.support.AbstractBeanFactory.lambda$doGetBean$0(AbstractBeanFactory.java:333) ~[spring-beans-7.0.8.jar!/:7.0.8]
app-1  | 	at org.springframework.beans.factory.support.DefaultSingletonBeanRegistry.getSingleton(DefaultSingletonBeanRegistry.java:371) ~[spring-beans-7.0.8.jar!/:7.0.8]
app-1  | 	at org.springframework.beans.factory.support.AbstractBeanFactory.doGetBean(AbstractBeanFactory.java:331) ~[spring-beans-7.0.8.jar!/:7.0.8]
app-1  | 	at org.springframework.beans.factory.support.AbstractBeanFactory.getBean(AbstractBeanFactory.java:196) ~[spring-beans-7.0.8.jar!/:7.0.8]
app-1  | 	at org.springframework.beans.factory.support.DefaultListableBeanFactory.instantiateSingleton(DefaultListableBeanFactory.java:1225) ~[spring-beans-7.0.8.jar!/:7.0.8]
app-1  | 	at org.springframework.beans.factory.support.DefaultListableBeanFactory.preInstantiateSingleton(DefaultListableBeanFactory.java:1191) ~[spring-beans-7.0.8.jar!/:7.0.8]
app-1  | 	at org.springframework.beans.factory.support.DefaultListableBeanFactory.preInstantiateSingletons(DefaultListableBeanFactory.java:1121) ~[spring-beans-7.0.8.jar!/:7.0.8]
app-1  | 	at org.springframework.context.support.AbstractApplicationContext.finishBeanFactoryInitialization(AbstractApplicationContext.java:994) ~[spring-context-7.0.8.jar!/:7.0.8]
app-1  | 	at org.springframework.context.support.AbstractApplicationContext.refresh(AbstractApplicationContext.java:621) ~[spring-context-7.0.8.jar!/:7.0.8]
app-1  | 	at org.springframework.boot.web.server.servlet.context.ServletWebServerApplicationContext.refresh(ServletWebServerApplicationContext.java:143) ~[spring-boot-web-server-4.1.0.jar!/:4.1.0]
app-1  | 	at org.springframework.boot.SpringApplication.refresh(SpringApplication.java:756) ~[spring-boot-4.1.0.jar!/:4.1.0]
app-1  | 	at org.springframework.boot.SpringApplication.refreshContext(SpringApplication.java:445) ~[spring-boot-4.1.0.jar!/:4.1.0]
app-1  | 	at org.springframework.boot.SpringApplication.run(SpringApplication.java:321) ~[spring-boot-4.1.0.jar!/:4.1.0]
app-1  | 	at org.springframework.boot.SpringApplication.run(SpringApplication.java:1365) ~[spring-boot-4.1.0.jar!/:4.1.0]
app-1  | 	at org.springframework.boot.SpringApplication.run(SpringApplication.java:1354) ~[spring-boot-4.1.0.jar!/:4.1.0]
app-1  | 	at com.prakashstores.PrakashStoresApplication.main(PrakashStoresApplication.java:9) ~[!/:0.0.1-SNAPSHOT]
app-1  | 	at java.base/jdk.internal.reflect.NativeMethodAccessorImpl.invoke0(Native Method) ~[na:na]
app-1  | 	at java.base/jdk.internal.reflect.NativeMethodAccessorImpl.invoke(Unknown Source) ~[na:na]
app-1  | 	at java.base/jdk.internal.reflect.DelegatingMethodAccessorImpl.invoke(Unknown Source) ~[na:na]
app-1  | 	at java.base/java.lang.reflect.Method.invoke(Unknown Source) ~[na:na]
app-1  | 	at org.springframework.boot.loader.launch.Launcher.launch(Launcher.java:106) ~[app.jar:0.0.1-SNAPSHOT]
app-1  | 	at org.springframework.boot.loader.launch.Launcher.launch(Launcher.java:64) ~[app.jar:0.0.1-SNAPSHOT]
app-1  | 	at org.springframework.boot.loader.launch.JarLauncher.main(JarLauncher.java:40) ~[app.jar:0.0.1-SNAPSHOT]
app-1  | Caused by: org.springframework.beans.factory.UnsatisfiedDependencyException: Error creating bean with name 'mediaAssetService' defined in URL [jar:nested:/app/app.jar/!BOOT-INF/classes/!/com/prakashstores/service/MediaAssetService.class]: Unsatisfied dependency expressed through constructor parameter 1: Error creating bean with name 'minioStorageService': Invocation of init method failed
app-1  | 	at org.springframework.beans.factory.support.ConstructorResolver.createArgumentArray(ConstructorResolver.java:804) ~[spring-beans-7.0.8.jar!/:7.0.8]
app-1  | 	at org.springframework.beans.factory.support.ConstructorResolver.autowireConstructor(ConstructorResolver.java:240) ~[spring-beans-7.0.8.jar!/:7.0.8]
app-1  | 	at org.springframework.beans.factory.support.AbstractAutowireCapableBeanFactory.autowireConstructor(AbstractAutowireCapableBeanFactory.java:1380) ~[spring-beans-7.0.8.jar!/:7.0.8]
app-1  | 	at org.springframework.beans.factory.support.AbstractAutowireCapableBeanFactory.createBeanInstance(AbstractAutowireCapableBeanFactory.java:1219) ~[spring-beans-7.0.8.jar!/:7.0.8]
app-1  | 	at org.springframework.beans.factory.support.AbstractAutowireCapableBeanFactory.doCreateBean(AbstractAutowireCapableBeanFactory.java:565) ~[spring-beans-7.0.8.jar!/:7.0.8]
app-1  | 	at org.springframework.beans.factory.support.AbstractAutowireCapableBeanFactory.createBean(AbstractAutowireCapableBeanFactory.java:525) ~[spring-beans-7.0.8.jar!/:7.0.8]
app-1  | 	at org.springframework.beans.factory.support.AbstractBeanFactory.lambda$doGetBean$0(AbstractBeanFactory.java:333) ~[spring-beans-7.0.8.jar!/:7.0.8]
app-1  | 	at org.springframework.beans.factory.support.DefaultSingletonBeanRegistry.getSingleton(DefaultSingletonBeanRegistry.java:371) ~[spring-beans-7.0.8.jar!/:7.0.8]
app-1  | 	at org.springframework.beans.factory.support.AbstractBeanFactory.doGetBean(AbstractBeanFactory.java:331) ~[spring-beans-7.0.8.jar!/:7.0.8]
app-1  | 	at org.springframework.beans.factory.support.AbstractBeanFactory.getBean(AbstractBeanFactory.java:201) ~[spring-beans-7.0.8.jar!/:7.0.8]
app-1  | 	at org.springframework.beans.factory.support.DefaultListableBeanFactory.resolveBean(DefaultListableBeanFactory.java:1232) ~[spring-beans-7.0.8.jar!/:7.0.8]
app-1  | 	at org.springframework.beans.factory.support.DefaultListableBeanFactory.doResolveDependency(DefaultListableBeanFactory.java:1711) ~[spring-beans-7.0.8.jar!/:7.0.8]
app-1  | 	at org.springframework.beans.factory.support.DefaultListableBeanFactory.resolveDependency(DefaultListableBeanFactory.java:1658) ~[spring-beans-7.0.8.jar!/:7.0.8]
app-1  | 	at org.springframework.beans.factory.support.ConstructorResolver.resolveAutowiredArgument(ConstructorResolver.java:912) ~[spring-beans-7.0.8.jar!/:7.0.8]
app-1  | 	at org.springframework.beans.factory.support.ConstructorResolver.createArgumentArray(ConstructorResolver.java:791) ~[spring-beans-7.0.8.jar!/:7.0.8]
app-1  | 	... 28 common frames omitted
app-1  | Caused by: org.springframework.beans.factory.BeanCreationException: Error creating bean with name 'minioStorageService': Invocation of init method failed
app-1  | 	at org.springframework.beans.factory.annotation.InitDestroyAnnotationBeanPostProcessor.postProcessBeforeInitialization(InitDestroyAnnotationBeanPostProcessor.java:220) ~[spring-beans-7.0.8.jar!/:7.0.8]
app-1  | 	at org.springframework.beans.factory.support.AbstractAutowireCapableBeanFactory.applyBeanPostProcessorsBeforeInitialization(AbstractAutowireCapableBeanFactory.java:426) ~[spring-beans-7.0.8.jar!/:7.0.8]
app-1  | 	at org.springframework.beans.factory.support.AbstractAutowireCapableBeanFactory.initializeBean(AbstractAutowireCapableBeanFactory.java:1807) ~[spring-beans-7.0.8.jar!/:7.0.8]
app-1  | 	at org.springframework.beans.factory.support.AbstractAutowireCapableBeanFactory.doCreateBean(AbstractAutowireCapableBeanFactory.java:603) ~[spring-beans-7.0.8.jar!/:7.0.8]
app-1  | 	at org.springframework.beans.factory.support.AbstractAutowireCapableBeanFactory.createBean(AbstractAutowireCapableBeanFactory.java:525) ~[spring-beans-7.0.8.jar!/:7.0.8]
app-1  | 	at org.springframework.beans.factory.support.AbstractBeanFactory.lambda$doGetBean$0(AbstractBeanFactory.java:333) ~[spring-beans-7.0.8.jar!/:7.0.8]
app-1  | 	at org.springframework.beans.factory.support.DefaultSingletonBeanRegistry.getSingleton(DefaultSingletonBeanRegistry.java:371) ~[spring-beans-7.0.8.jar!/:7.0.8]
app-1  | 	at org.springframework.beans.factory.support.AbstractBeanFactory.doGetBean(AbstractBeanFactory.java:331) ~[spring-beans-7.0.8.jar!/:7.0.8]
app-1  | 	at org.springframework.beans.factory.support.AbstractBeanFactory.getBean(AbstractBeanFactory.java:201) ~[spring-beans-7.0.8.jar!/:7.0.8]
app-1  | 	at org.springframework.beans.factory.config.DependencyDescriptor.resolveCandidate(DependencyDescriptor.java:229) ~[spring-beans-7.0.8.jar!/:7.0.8]
app-1  | 	at org.springframework.beans.factory.support.DefaultListableBeanFactory.doResolveDependency(DefaultListableBeanFactory.java:1769) ~[spring-beans-7.0.8.jar!/:7.0.8]
app-1  | 	at org.springframework.beans.factory.support.DefaultListableBeanFactory.resolveDependency(DefaultListableBeanFactory.java:1658) ~[spring-beans-7.0.8.jar!/:7.0.8]
app-1  | 	at org.springframework.beans.factory.support.ConstructorResolver.resolveAutowiredArgument(ConstructorResolver.java:912) ~[spring-beans-7.0.8.jar!/:7.0.8]
app-1  | 	at org.springframework.beans.factory.support.ConstructorResolver.createArgumentArray(ConstructorResolver.java:791) ~[spring-beans-7.0.8.jar!/:7.0.8]
app-1  | 	... 42 common frames omitted
app-1  | Caused by: software.amazon.awssdk.core.exception.SdkClientException: Received an UnknownHostException when attempting to interact with a service. See cause for the exact endpoint that is failing to resolve. If this is happening on an endpoint that previously worked, there may be a network connectivity issue or your DNS cache could be storing endpoints for too long.
app-1  | 	at software.amazon.awssdk.core.exception.SdkClientException$BuilderImpl.build(SdkClientException.java:130) ~[sdk-core-2.31.6.jar!/:na]
app-1  | 	at software.amazon.awssdk.awscore.interceptor.HelpfulUnknownHostExceptionInterceptor.modifyException(HelpfulUnknownHostExceptionInterceptor.java:59) ~[aws-core-2.31.6.jar!/:na]
app-1  | 	at software.amazon.awssdk.core.interceptor.ExecutionInterceptorChain.modifyException(ExecutionInterceptorChain.java:181) ~[sdk-core-2.31.6.jar!/:na]
app-1  | 	at software.amazon.awssdk.core.internal.http.pipeline.stages.utils.ExceptionReportingUtils.runModifyException(ExceptionReportingUtils.java:54) ~[sdk-core-2.31.6.jar!/:na]
app-1  | 	at software.amazon.awssdk.core.internal.http.pipeline.stages.utils.ExceptionReportingUtils.reportFailureToInterceptors(ExceptionReportingUtils.java:38) ~[sdk-core-2.31.6.jar!/:na]
app-1  | 	at software.amazon.awssdk.core.internal.http.pipeline.stages.ExecutionFailureExceptionReportingStage.execute(ExecutionFailureExceptionReportingStage.java:39) ~[sdk-core-2.31.6.jar!/:na]
app-1  | 	at software.amazon.awssdk.core.internal.http.pipeline.stages.ExecutionFailureExceptionReportingStage.execute(ExecutionFailureExceptionReportingStage.java:26) ~[sdk-core-2.31.6.jar!/:na]
app-1  | 	at software.amazon.awssdk.core.internal.http.AmazonSyncHttpClient$RequestExecutionBuilderImpl.execute(AmazonSyncHttpClient.java:210) ~[sdk-core-2.31.6.jar!/:na]
app-1  | 	at software.amazon.awssdk.core.internal.handler.BaseSyncClientHandler.invoke(BaseSyncClientHandler.java:103) ~[sdk-core-2.31.6.jar!/:na]
app-1  | 	at software.amazon.awssdk.core.internal.handler.BaseSyncClientHandler.doExecute(BaseSyncClientHandler.java:173) ~[sdk-core-2.31.6.jar!/:na]
app-1  | 	at software.amazon.awssdk.core.internal.handler.BaseSyncClientHandler.lambda$execute$1(BaseSyncClientHandler.java:80) ~[sdk-core-2.31.6.jar!/:na]
app-1  | 	at software.amazon.awssdk.core.internal.handler.BaseSyncClientHandler.measureApiCallSuccess(BaseSyncClientHandler.java:182) ~[sdk-core-2.31.6.jar!/:na]
app-1  | 	at software.amazon.awssdk.core.internal.handler.BaseSyncClientHandler.execute(BaseSyncClientHandler.java:74) ~[sdk-core-2.31.6.jar!/:na]
app-1  | 	at software.amazon.awssdk.core.client.handler.SdkSyncClientHandler.execute(SdkSyncClientHandler.java:45) ~[sdk-core-2.31.6.jar!/:na]
app-1  | 	at software.amazon.awssdk.awscore.client.handler.AwsSyncClientHandler.execute(AwsSyncClientHandler.java:53) ~[aws-core-2.31.6.jar!/:na]
app-1  | 	at software.amazon.awssdk.services.s3.DefaultS3Client.headBucket(DefaultS3Client.java:6818) ~[s3-2.31.6.jar!/:na]
app-1  | 	at software.amazon.awssdk.services.s3.S3Client.headBucket(S3Client.java:12933) ~[s3-2.31.6.jar!/:na]
app-1  | 	at com.prakashstores.storage.MinioStorageService.ensureBucket(MinioStorageService.java:40) ~[!/:0.0.1-SNAPSHOT]
app-1  | 	at java.base/jdk.internal.reflect.NativeMethodAccessorImpl.invoke0(Native Method) ~[na:na]
app-1  | 	at java.base/jdk.internal.reflect.NativeMethodAccessorImpl.invoke(Unknown Source) ~[na:na]
app-1  | 	at java.base/jdk.internal.reflect.DelegatingMethodAccessorImpl.invoke(Unknown Source) ~[na:na]
app-1  | 	at java.base/java.lang.reflect.Method.invoke(Unknown Source) ~[na:na]
app-1  | 	at org.springframework.beans.factory.annotation.InitDestroyAnnotationBeanPostProcessor$LifecycleMethod.invoke(InitDestroyAnnotationBeanPostProcessor.java:453) ~[spring-beans-7.0.8.jar!/:7.0.8]
app-1  | 	at org.springframework.beans.factory.annotation.InitDestroyAnnotationBeanPostProcessor$LifecycleMetadata.invokeInitMethods(InitDestroyAnnotationBeanPostProcessor.java:397) ~[spring-beans-7.0.8.jar!/:7.0.8]
app-1  | 	at org.springframework.beans.factory.annotation.InitDestroyAnnotationBeanPostProcessor.postProcessBeforeInitialization(InitDestroyAnnotationBeanPostProcessor.java:217) ~[spring-beans-7.0.8.jar!/:7.0.8]
app-1  | 	... 55 common frames omitted
app-1  | Caused by: software.amazon.awssdk.core.exception.SdkClientException: Unable to execute HTTP request: minio (SDK Attempt Count: 4)
app-1  | 	at software.amazon.awssdk.core.exception.SdkClientException$BuilderImpl.build(SdkClientException.java:130) ~[sdk-core-2.31.6.jar!/:na]
app-1  | 	at software.amazon.awssdk.core.exception.SdkClientException$BuilderImpl.build(SdkClientException.java:95) ~[sdk-core-2.31.6.jar!/:na]
app-1  | 	at software.amazon.awssdk.core.internal.http.pipeline.stages.utils.RetryableStageHelper.retryPolicyDisallowedRetryException(RetryableStageHelper.java:168) ~[sdk-core-2.31.6.jar!/:na]
app-1  | 	at software.amazon.awssdk.core.internal.http.pipeline.stages.RetryableStage.execute(RetryableStage.java:73) ~[sdk-core-2.31.6.jar!/:na]
app-1  | 	at software.amazon.awssdk.core.internal.http.pipeline.stages.RetryableStage.execute(RetryableStage.java:36) ~[sdk-core-2.31.6.jar!/:na]
app-1  | 	at software.amazon.awssdk.core.internal.http.pipeline.RequestPipelineBuilder$ComposingRequestPipelineStage.execute(RequestPipelineBuilder.java:206) ~[sdk-core-2.31.6.jar!/:na]
app-1  | 	at software.amazon.awssdk.core.internal.http.StreamManagingStage.execute(StreamManagingStage.java:53) ~[sdk-core-2.31.6.jar!/:na]
app-1  | 	at software.amazon.awssdk.core.internal.http.StreamManagingStage.execute(StreamManagingStage.java:35) ~[sdk-core-2.31.6.jar!/:na]
app-1  | 	at software.amazon.awssdk.core.internal.http.pipeline.stages.ApiCallTimeoutTrackingStage.executeWithTimer(ApiCallTimeoutTrackingStage.java:82) ~[sdk-core-2.31.6.jar!/:na]
app-1  | 	at software.amazon.awssdk.core.internal.http.pipeline.stages.ApiCallTimeoutTrackingStage.execute(ApiCallTimeoutTrackingStage.java:62) ~[sdk-core-2.31.6.jar!/:na]
app-1  | 	at software.amazon.awssdk.core.internal.http.pipeline.stages.ApiCallTimeoutTrackingStage.execute(ApiCallTimeoutTrackingStage.java:43) ~[sdk-core-2.31.6.jar!/:na]
app-1  | 	at software.amazon.awssdk.core.internal.http.pipeline.stages.ApiCallMetricCollectionStage.execute(ApiCallMetricCollectionStage.java:50) ~[sdk-core-2.31.6.jar!/:na]
app-1  | 	at software.amazon.awssdk.core.internal.http.pipeline.stages.ApiCallMetricCollectionStage.execute(ApiCallMetricCollectionStage.java:32) ~[sdk-core-2.31.6.jar!/:na]
app-1  | 	at software.amazon.awssdk.core.internal.http.pipeline.RequestPipelineBuilder$ComposingRequestPipelineStage.execute(RequestPipelineBuilder.java:206) ~[sdk-core-2.31.6.jar!/:na]
app-1  | 	at software.amazon.awssdk.core.internal.http.pipeline.RequestPipelineBuilder$ComposingRequestPipelineStage.execute(RequestPipelineBuilder.java:206) ~[sdk-core-2.31.6.jar!/:na]
app-1  | 	at software.amazon.awssdk.core.internal.http.pipeline.stages.ExecutionFailureExceptionReportingStage.execute(ExecutionFailureExceptionReportingStage.java:37) ~[sdk-core-2.31.6.jar!/:na]
app-1  | 	... 74 common frames omitted
app-1  | 	Suppressed: software.amazon.awssdk.core.exception.SdkClientException: Request attempt 1 failure: Unable to execute HTTP request: minio: Name or service not known
app-1  | 	Suppressed: software.amazon.awssdk.core.exception.SdkClientException: Request attempt 2 failure: Unable to execute HTTP request: minio
app-1  | 	Suppressed: software.amazon.awssdk.core.exception.SdkClientException: Request attempt 3 failure: Unable to execute HTTP request: minio
app-1  | Caused by: java.net.UnknownHostException: minio
app-1  | 	at java.base/java.net.InetAddress$CachedAddresses.get(Unknown Source) ~[na:na]
app-1  | 	at java.base/java.net.InetAddress.getAllByName0(Unknown Source) ~[na:na]
app-1  | 	at java.base/java.net.InetAddress.getAllByName(Unknown Source) ~[na:na]
app-1  | 	at java.base/java.net.InetAddress.getAllByName(Unknown Source) ~[na:na]
app-1  | 	at org.apache.http.impl.conn.SystemDefaultDnsResolver.resolve(SystemDefaultDnsResolver.java:45) ~[httpclient-4.5.13.jar!/:4.5.13]
app-1  | 	at org.apache.http.impl.conn.DefaultHttpClientConnectionOperator.connect(DefaultHttpClientConnectionOperator.java:112) ~[httpclient-4.5.13.jar!/:4.5.13]
app-1  | 	at org.apache.http.impl.conn.PoolingHttpClientConnectionManager.connect(PoolingHttpClientConnectionManager.java:376) ~[httpclient-4.5.13.jar!/:4.5.13]
app-1  | 	at software.amazon.awssdk.http.apache.internal.conn.ClientConnectionManagerFactory$DelegatingHttpClientConnectionManager.connect(ClientConnectionManagerFactory.java:86) ~[apache-client-2.31.6.jar!/:na]
app-1  | 	at org.apache.http.impl.execchain.MainClientExec.establishRoute(MainClientExec.java:393) ~[httpclient-4.5.13.jar!/:4.5.13]
app-1  | 	at org.apache.http.impl.execchain.MainClientExec.execute(MainClientExec.java:236) ~[httpclient-4.5.13.jar!/:4.5.13]
app-1  | 	at org.apache.http.impl.execchain.ProtocolExec.execute(ProtocolExec.java:186) ~[httpclient-4.5.13.jar!/:4.5.13]
app-1  | 	at org.apache.http.impl.client.InternalHttpClient.doExecute(InternalHttpClient.java:185) ~[httpclient-4.5.13.jar!/:4.5.13]
app-1  | 	at org.apache.http.impl.client.CloseableHttpClient.execute(CloseableHttpClient.java:83) ~[httpclient-4.5.13.jar!/:4.5.13]
app-1  | 	at org.apache.http.impl.client.CloseableHttpClient.execute(CloseableHttpClient.java:56) ~[httpclient-4.5.13.jar!/:4.5.13]
app-1  | 	at software.amazon.awssdk.http.apache.internal.impl.ApacheSdkHttpClient.execute(ApacheSdkHttpClient.java:72) ~[apache-client-2.31.6.jar!/:na]
app-1  | 	at software.amazon.awssdk.http.apache.ApacheHttpClient.execute(ApacheHttpClient.java:259) ~[apache-client-2.31.6.jar!/:na]
app-1  | 	at software.amazon.awssdk.http.apache.ApacheHttpClient.access$600(ApacheHttpClient.java:104) ~[apache-client-2.31.6.jar!/:na]
app-1  | 	at software.amazon.awssdk.http.apache.ApacheHttpClient$1.call(ApacheHttpClient.java:236) ~[apache-client-2.31.6.jar!/:na]
app-1  | 	at software.amazon.awssdk.http.apache.ApacheHttpClient$1.call(ApacheHttpClient.java:233) ~[apache-client-2.31.6.jar!/:na]
app-1  | 	at software.amazon.awssdk.core.internal.util.MetricUtils.measureDurationUnsafe(MetricUtils.java:102) ~[sdk-core-2.31.6.jar!/:na]
app-1  | 	at software.amazon.awssdk.core.internal.http.pipeline.stages.MakeHttpRequestStage.executeHttpRequest(MakeHttpRequestStage.java:88) ~[sdk-core-2.31.6.jar!/:na]
app-1  | 	at software.amazon.awssdk.core.internal.http.pipeline.stages.MakeHttpRequestStage.execute(MakeHttpRequestStage.java:64) ~[sdk-core-2.31.6.jar!/:na]
app-1  | 	at software.amazon.awssdk.core.internal.http.pipeline.stages.MakeHttpRequestStage.execute(MakeHttpRequestStage.java:46) ~[sdk-core-2.31.6.jar!/:na]
app-1  | 	at software.amazon.awssdk.core.internal.http.pipeline.RequestPipelineBuilder$ComposingRequestPipelineStage.execute(RequestPipelineBuilder.java:206) ~[sdk-core-2.31.6.jar!/:na]
app-1  | 	at software.amazon.awssdk.core.internal.http.pipeline.RequestPipelineBuilder$ComposingRequestPipelineStage.execute(RequestPipelineBuilder.java:206) ~[sdk-core-2.31.6.jar!/:na]
app-1  | 	at software.amazon.awssdk.core.internal.http.pipeline.RequestPipelineBuilder$ComposingRequestPipelineStage.execute(RequestPipelineBuilder.java:206) ~[sdk-core-2.31.6.jar!/:na]
app-1  | 	at software.amazon.awssdk.core.internal.http.pipeline.RequestPipelineBuilder$ComposingRequestPipelineStage.execute(RequestPipelineBuilder.java:206) ~[sdk-core-2.31.6.jar!/:na]
app-1  | 	at software.amazon.awssdk.core.internal.http.pipeline.stages.ApiCallAttemptTimeoutTrackingStage.execute(ApiCallAttemptTimeoutTrackingStage.java:74) ~[sdk-core-2.31.6.jar!/:na]
app-1  | 	at software.amazon.awssdk.core.internal.http.pipeline.stages.ApiCallAttemptTimeoutTrackingStage.execute(ApiCallAttemptTimeoutTrackingStage.java:43) ~[sdk-core-2.31.6.jar!/:na]
app-1  | 	at software.amazon.awssdk.core.internal.http.pipeline.stages.TimeoutExceptionHandlingStage.execute(TimeoutExceptionHandlingStage.java:79) ~[sdk-core-2.31.6.jar!/:na]
app-1  | 	at software.amazon.awssdk.core.internal.http.pipeline.stages.TimeoutExceptionHandlingStage.execute(TimeoutExceptionHandlingStage.java:41) ~[sdk-core-2.31.6.jar!/:na]
app-1  | 	at software.amazon.awssdk.core.internal.http.pipeline.stages.ApiCallAttemptMetricCollectionStage.execute(ApiCallAttemptMetricCollectionStage.java:55) ~[sdk-core-2.31.6.jar!/:na]
app-1  | 	at software.amazon.awssdk.core.internal.http.pipeline.stages.ApiCallAttemptMetricCollectionStage.execute(ApiCallAttemptMetricCollectionStage.java:39) ~[sdk-core-2.31.6.jar!/:na]
app-1  | 	at software.amazon.awssdk.core.internal.http.pipeline.stages.RetryableStage.executeRequest(RetryableStage.java:93) ~[sdk-core-2.31.6.jar!/:na]
app-1  | 	at software.amazon.awssdk.core.internal.http.pipeline.stages.RetryableStage.execute(RetryableStage.java:56) ~[sdk-core-2.31.6.jar!/:na]
app-1  | 	... 86 common frames omitted
app-1  | 
app-1  | 
app-1  |   .   ____          _            __ _ _
app-1  |  /\\ / ___'_ __ _ _(_)_ __  __ _ \ \ \ \
app-1  | ( ( )\___ | '_ | '_| | '_ \/ _` | \ \ \ \
app-1  |  \\/  ___)| |_)| | | | | || (_| |  ) ) ) )
app-1  |   '  |____| .__|_| |_|_| |_\__, | / / / /
app-1  |  =========|_|==============|___/=/_/_/_/
app-1  | 
app-1  |  :: Spring Boot ::                (v4.1.0)
app-1  | 
app-1  | 2026-09-13T08:07:09.464Z  INFO 1 --- [prakashstores] [           main] c.p.PrakashStoresApplication             : Starting PrakashStoresApplication v0.0.1-SNAPSHOT using Java 17.0.19 with PID 1 (/app/app.jar started by app in /app)
app-1  | 2026-09-13T08:07:09.466Z  INFO 1 --- [prakashstores] [           main] c.p.PrakashStoresApplication             : No active profile set, falling back to 1 default profile: "default"
app-1  | 2026-09-13T08:07:09.891Z  INFO 1 --- [prakashstores] [           main] .s.d.r.c.RepositoryConfigurationDelegate : Bootstrapping Spring Data JPA repositories in DEFAULT mode.
app-1  | 2026-09-13T08:07:09.922Z  INFO 1 --- [prakashstores] [           main] .s.d.r.c.RepositoryConfigurationDelegate : Finished Spring Data repository scanning in 27 ms. Found 12 JPA repository interfaces.
app-1  | 2026-09-13T08:07:10.203Z  INFO 1 --- [prakashstores] [           main] o.s.boot.tomcat.TomcatWebServer          : Tomcat initialized with port 8080 (http)
app-1  | 2026-09-13T08:07:10.208Z  INFO 1 --- [prakashstores] [           main] o.apache.catalina.core.StandardService   : Starting service [Tomcat]
app-1  | 2026-09-13T08:07:10.208Z  INFO 1 --- [prakashstores] [           main] o.apache.catalina.core.StandardEngine    : Starting Servlet engine: [Apache Tomcat/11.0.22]
app-1  | 2026-09-13T08:07:10.223Z  INFO 1 --- [prakashstores] [           main] b.w.c.s.WebApplicationContextInitializer : Root WebApplicationContext: initialization completed in 723 ms
app-1  | 2026-09-13T08:07:10.357Z  INFO 1 --- [prakashstores] [           main] org.hibernate.orm.jpa                    : HHH008540: Processing PersistenceUnitInfo [name: default]
app-1  | 2026-09-13T08:07:10.385Z  INFO 1 --- [prakashstores] [           main] org.hibernate.orm.core                   : HHH000001: Hibernate ORM core version 7.4.1.Final
app-1  | 2026-09-13T08:07:10.557Z  INFO 1 --- [prakashstores] [           main] o.s.o.j.p.SpringPersistenceUnitInfo      : No LoadTimeWeaver setup: ignoring JPA class transformer
app-1  | 2026-09-13T08:07:10.570Z  INFO 1 --- [prakashstores] [           main] com.zaxxer.hikari.HikariDataSource       : HikariPool-1 - Starting...
app-1  | 2026-09-13T08:07:10.656Z  INFO 1 --- [prakashstores] [           main] com.zaxxer.hikari.pool.HikariPool        : HikariPool-1 - Added connection org.postgresql.jdbc.PgConnection@19d9ba89
app-1  | 2026-09-13T08:07:10.656Z  INFO 1 --- [prakashstores] [           main] com.zaxxer.hikari.HikariDataSource       : HikariPool-1 - Start completed.
app-1  | 2026-09-13T08:07:10.672Z  WARN 1 --- [prakashstores] [           main] org.hibernate.orm.deprecation            : HHH90000025: PostgreSQLDialect does not need to be specified explicitly using 'hibernate.dialect' (remove the property setting and it will be selected by default)
app-1  | 2026-09-13T08:07:10.682Z  INFO 1 --- [prakashstores] [           main] org.hibernate.orm.connections.pooling    : HHH10001005: Database info:
app-1  | 	Database JDBC URL [jdbc:postgresql://db:5432/prakashstores]
app-1  | 	Database driver: PostgreSQL JDBC Driver
app-1  | 	Database dialect: PostgreSQLDialect
app-1  | 	Database version: 16.15
app-1  | 	Default catalog/schema: prakashstores/public
app-1  | 	Autocommit mode: undefined/unknown
app-1  | 	Isolation level: READ_COMMITTED [default READ_COMMITTED]
app-1  | 	JDBC fetch size: none
app-1  | 	Pool: DataSourceConnectionProvider
app-1  | 	Minimum pool size: undefined/unknown
app-1  | 	Maximum pool size: undefined/unknown
app-1  | 2026-09-13T08:07:11.190Z  INFO 1 --- [prakashstores] [           main] org.hibernate.orm.core                   : HHH000489: No JTA platform available (set 'hibernate.transaction.jta.platform' to enable JTA platform integration)
app-1  | 2026-09-13T08:07:11.225Z  INFO 1 --- [prakashstores] [           main] j.LocalContainerEntityManagerFactoryBean : Initialized JPA EntityManagerFactory for persistence unit 'default'
app-1  | 2026-09-13T08:07:11.259Z  INFO 1 --- [prakashstores] [           main] o.s.d.j.r.query.QueryEnhancerFactories   : Hibernate is in classpath; If applicable, HQL parser will be used.
app-1  | 2026-09-13T08:07:11.423Z  INFO 1 --- [prakashstores] [           main] eAuthenticationProviderManagerConfigurer : Global AuthenticationManager configured with AuthenticationProvider bean with name authenticationProvider
app-1  | 2026-09-13T08:07:11.424Z  WARN 1 --- [prakashstores] [           main] r$InitializeUserDetailsManagerConfigurer : Global AuthenticationManager configured with an AuthenticationProvider bean. UserDetailsService beans will not be used by Spring Security for automatically configuring username/password login. Consider removing the AuthenticationProvider bean. Alternatively, consider using the UserDetailsService in a manually instantiated DaoAuthenticationProvider. If the current configuration is intentional, to turn off this warning, increase the logging level of 'org.springframework.security.config.annotation.authentication.configuration.InitializeUserDetailsBeanManagerConfigurer' to ERROR
app-1  | 2026-09-13T08:07:12.373Z  WARN 1 --- [prakashstores] [           main] ConfigServletWebServerApplicationContext : Exception encountered during context initialization - cancelling refresh attempt: org.springframework.beans.factory.UnsatisfiedDependencyException: Error creating bean with name 'galleryController' defined in URL [jar:nested:/app/app.jar/!BOOT-INF/classes/!/com/prakashstores/controller/GalleryController.class]: Unsatisfied dependency expressed through constructor parameter 0: Error creating bean with name 'mediaAssetService' defined in URL [jar:nested:/app/app.jar/!BOOT-INF/classes/!/com/prakashstores/service/MediaAssetService.class]: Unsatisfied dependency expressed through constructor parameter 1: Error creating bean with name 'minioStorageService': Invocation of init method failed
app-1  | 2026-09-13T08:07:12.377Z  INFO 1 --- [prakashstores] [           main] j.LocalContainerEntityManagerFactoryBean : Closing JPA EntityManagerFactory for persistence unit 'default'
app-1  | 2026-09-13T08:07:12.385Z  INFO 1 --- [prakashstores] [           main] com.zaxxer.hikari.HikariDataSource       : HikariPool-1 - Shutdown initiated...
app-1  | 2026-09-13T08:07:12.392Z  INFO 1 --- [prakashstores] [           main] com.zaxxer.hikari.HikariDataSource       : HikariPool-1 - Shutdown completed.
app-1  | 2026-09-13T08:07:12.395Z  INFO 1 --- [prakashstores] [           main] o.apache.catalina.core.StandardService   : Stopping service [Tomcat]
app-1  | 2026-09-13T08:07:12.404Z  INFO 1 --- [prakashstores] [           main] .s.b.a.l.ConditionEvaluationReportLogger : 
app-1  | 
app-1  | Error starting ApplicationContext. To display the condition evaluation report re-run your application with 'debug' enabled.
app-1  | 2026-09-13T08:07:12.414Z ERROR 1 --- [prakashstores] [           main] o.s.boot.SpringApplication               : Application run failed
app-1  | 
app-1  | org.springframework.beans.factory.UnsatisfiedDependencyException: Error creating bean with name 'galleryController' defined in URL [jar:nested:/app/app.jar/!BOOT-INF/classes/!/com/prakashstores/controller/GalleryController.class]: Unsatisfied dependency expressed through constructor parameter 0: Error creating bean with name 'mediaAssetService' defined in URL [jar:nested:/app/app.jar/!BOOT-INF/classes/!/com/prakashstores/service/MediaAssetService.class]: Unsatisfied dependency expressed through constructor parameter 1: Error creating bean with name 'minioStorageService': Invocation of init method failed
app-1  | 	at org.springframework.beans.factory.support.ConstructorResolver.createArgumentArray(ConstructorResolver.java:804) ~[spring-beans-7.0.8.jar!/:7.0.8]
app-1  | 	at org.springframework.beans.factory.support.ConstructorResolver.autowireConstructor(ConstructorResolver.java:240) ~[spring-beans-7.0.8.jar!/:7.0.8]
app-1  | 	at org.springframework.beans.factory.support.AbstractAutowireCapableBeanFactory.autowireConstructor(AbstractAutowireCapableBeanFactory.java:1380) ~[spring-beans-7.0.8.jar!/:7.0.8]
app-1  | 	at org.springframework.beans.factory.support.AbstractAutowireCapableBeanFactory.createBeanInstance(AbstractAutowireCapableBeanFactory.java:1219) ~[spring-beans-7.0.8.jar!/:7.0.8]
app-1  | 	at org.springframework.beans.factory.support.AbstractAutowireCapableBeanFactory.doCreateBean(AbstractAutowireCapableBeanFactory.java:565) ~[spring-beans-7.0.8.jar!/:7.0.8]
app-1  | 	at org.springframework.beans.factory.support.AbstractAutowireCapableBeanFactory.createBean(AbstractAutowireCapableBeanFactory.java:525) ~[spring-beans-7.0.8.jar!/:7.0.8]
app-1  | 	at org.springframework.beans.factory.support.AbstractBeanFactory.lambda$doGetBean$0(AbstractBeanFactory.java:333) ~[spring-beans-7.0.8.jar!/:7.0.8]
app-1  | 	at org.springframework.beans.factory.support.DefaultSingletonBeanRegistry.getSingleton(DefaultSingletonBeanRegistry.java:371) ~[spring-beans-7.0.8.jar!/:7.0.8]
app-1  | 	at org.springframework.beans.factory.support.AbstractBeanFactory.doGetBean(AbstractBeanFactory.java:331) ~[spring-beans-7.0.8.jar!/:7.0.8]
app-1  | 	at org.springframework.beans.factory.support.AbstractBeanFactory.getBean(AbstractBeanFactory.java:196) ~[spring-beans-7.0.8.jar!/:7.0.8]
app-1  | 	at org.springframework.beans.factory.support.DefaultListableBeanFactory.instantiateSingleton(DefaultListableBeanFactory.java:1225) ~[spring-beans-7.0.8.jar!/:7.0.8]
app-1  | 	at org.springframework.beans.factory.support.DefaultListableBeanFactory.preInstantiateSingleton(DefaultListableBeanFactory.java:1191) ~[spring-beans-7.0.8.jar!/:7.0.8]
app-1  | 	at org.springframework.beans.factory.support.DefaultListableBeanFactory.preInstantiateSingletons(DefaultListableBeanFactory.java:1121) ~[spring-beans-7.0.8.jar!/:7.0.8]
app-1  | 	at org.springframework.context.support.AbstractApplicationContext.finishBeanFactoryInitialization(AbstractApplicationContext.java:994) ~[spring-context-7.0.8.jar!/:7.0.8]
app-1  | 	at org.springframework.context.support.AbstractApplicationContext.refresh(AbstractApplicationContext.java:621) ~[spring-context-7.0.8.jar!/:7.0.8]
app-1  | 	at org.springframework.boot.web.server.servlet.context.ServletWebServerApplicationContext.refresh(ServletWebServerApplicationContext.java:143) ~[spring-boot-web-server-4.1.0.jar!/:4.1.0]
app-1  | 	at org.springframework.boot.SpringApplication.refresh(SpringApplication.java:756) ~[spring-boot-4.1.0.jar!/:4.1.0]
app-1  | 	at org.springframework.boot.SpringApplication.refreshContext(SpringApplication.java:445) ~[spring-boot-4.1.0.jar!/:4.1.0]
app-1  | 	at org.springframework.boot.SpringApplication.run(SpringApplication.java:321) ~[spring-boot-4.1.0.jar!/:4.1.0]
app-1  | 	at org.springframework.boot.SpringApplication.run(SpringApplication.java:1365) ~[spring-boot-4.1.0.jar!/:4.1.0]
app-1  | 	at org.springframework.boot.SpringApplication.run(SpringApplication.java:1354) ~[spring-boot-4.1.0.jar!/:4.1.0]
app-1  | 	at com.prakashstores.PrakashStoresApplication.main(PrakashStoresApplication.java:9) ~[!/:0.0.1-SNAPSHOT]
app-1  | 	at java.base/jdk.internal.reflect.NativeMethodAccessorImpl.invoke0(Native Method) ~[na:na]
app-1  | 	at java.base/jdk.internal.reflect.NativeMethodAccessorImpl.invoke(Unknown Source) ~[na:na]
app-1  | 	at java.base/jdk.internal.reflect.DelegatingMethodAccessorImpl.invoke(Unknown Source) ~[na:na]
app-1  | 	at java.base/java.lang.reflect.Method.invoke(Unknown Source) ~[na:na]
app-1  | 	at org.springframework.boot.loader.launch.Launcher.launch(Launcher.java:106) ~[app.jar:0.0.1-SNAPSHOT]
app-1  | 	at org.springframework.boot.loader.launch.Launcher.launch(Launcher.java:64) ~[app.jar:0.0.1-SNAPSHOT]
app-1  | 	at org.springframework.boot.loader.launch.JarLauncher.main(JarLauncher.java:40) ~[app.jar:0.0.1-SNAPSHOT]
app-1  | Caused by: org.springframework.beans.factory.UnsatisfiedDependencyException: Error creating bean with name 'mediaAssetService' defined in URL [jar:nested:/app/app.jar/!BOOT-INF/classes/!/com/prakashstores/service/MediaAssetService.class]: Unsatisfied dependency expressed through constructor parameter 1: Error creating bean with name 'minioStorageService': Invocation of init method failed
app-1  | 	at org.springframework.beans.factory.support.ConstructorResolver.createArgumentArray(ConstructorResolver.java:804) ~[spring-beans-7.0.8.jar!/:7.0.8]
app-1  | 	at org.springframework.beans.factory.support.ConstructorResolver.autowireConstructor(ConstructorResolver.java:240) ~[spring-beans-7.0.8.jar!/:7.0.8]
app-1  | 	at org.springframework.beans.factory.support.AbstractAutowireCapableBeanFactory.autowireConstructor(AbstractAutowireCapableBeanFactory.java:1380) ~[spring-beans-7.0.8.jar!/:7.0.8]
app-1  | 	at org.springframework.beans.factory.support.AbstractAutowireCapableBeanFactory.createBeanInstance(AbstractAutowireCapableBeanFactory.java:1219) ~[spring-beans-7.0.8.jar!/:7.0.8]
app-1  | 	at org.springframework.beans.factory.support.AbstractAutowireCapableBeanFactory.doCreateBean(AbstractAutowireCapableBeanFactory.java:565) ~[spring-beans-7.0.8.jar!/:7.0.8]
app-1  | 	at org.springframework.beans.factory.support.AbstractAutowireCapableBeanFactory.createBean(AbstractAutowireCapableBeanFactory.java:525) ~[spring-beans-7.0.8.jar!/:7.0.8]
app-1  | 	at org.springframework.beans.factory.support.AbstractBeanFactory.lambda$doGetBean$0(AbstractBeanFactory.java:333) ~[spring-beans-7.0.8.jar!/:7.0.8]
app-1  | 	at org.springframework.beans.factory.support.DefaultSingletonBeanRegistry.getSingleton(DefaultSingletonBeanRegistry.java:371) ~[spring-beans-7.0.8.jar!/:7.0.8]
app-1  | 	at org.springframework.beans.factory.support.AbstractBeanFactory.doGetBean(AbstractBeanFactory.java:331) ~[spring-beans-7.0.8.jar!/:7.0.8]
app-1  | 	at org.springframework.beans.factory.support.AbstractBeanFactory.getBean(AbstractBeanFactory.java:201) ~[spring-beans-7.0.8.jar!/:7.0.8]
app-1  | 	at org.springframework.beans.factory.support.DefaultListableBeanFactory.resolveBean(DefaultListableBeanFactory.java:1232) ~[spring-beans-7.0.8.jar!/:7.0.8]
app-1  | 	at org.springframework.beans.factory.support.DefaultListableBeanFactory.doResolveDependency(DefaultListableBeanFactory.java:1711) ~[spring-beans-7.0.8.jar!/:7.0.8]
app-1  | 	at org.springframework.beans.factory.support.DefaultListableBeanFactory.resolveDependency(DefaultListableBeanFactory.java:1658) ~[spring-beans-7.0.8.jar!/:7.0.8]
app-1  | 	at org.springframework.beans.factory.support.ConstructorResolver.resolveAutowiredArgument(ConstructorResolver.java:912) ~[spring-beans-7.0.8.jar!/:7.0.8]
app-1  | 	at org.springframework.beans.factory.support.ConstructorResolver.createArgumentArray(ConstructorResolver.java:791) ~[spring-beans-7.0.8.jar!/:7.0.8]
app-1  | 	... 28 common frames omitted
app-1  | Caused by: org.springframework.beans.factory.BeanCreationException: Error creating bean with name 'minioStorageService': Invocation of init method failed
app-1  | 	at org.springframework.beans.factory.annotation.InitDestroyAnnotationBeanPostProcessor.postProcessBeforeInitialization(InitDestroyAnnotationBeanPostProcessor.java:220) ~[spring-beans-7.0.8.jar!/:7.0.8]
app-1  | 	at org.springframework.beans.factory.support.AbstractAutowireCapableBeanFactory.applyBeanPostProcessorsBeforeInitialization(AbstractAutowireCapableBeanFactory.java:426) ~[spring-beans-7.0.8.jar!/:7.0.8]
app-1  | 	at org.springframework.beans.factory.support.AbstractAutowireCapableBeanFactory.initializeBean(AbstractAutowireCapableBeanFactory.java:1807) ~[spring-beans-7.0.8.jar!/:7.0.8]
app-1  | 	at org.springframework.beans.factory.support.AbstractAutowireCapableBeanFactory.doCreateBean(AbstractAutowireCapableBeanFactory.java:603) ~[spring-beans-7.0.8.jar!/:7.0.8]
app-1  | 	at org.springframework.beans.factory.support.AbstractAutowireCapableBeanFactory.createBean(AbstractAutowireCapableBeanFactory.java:525) ~[spring-beans-7.0.8.jar!/:7.0.8]
app-1  | 	at org.springframework.beans.factory.support.AbstractBeanFactory.lambda$doGetBean$0(AbstractBeanFactory.java:333) ~[spring-beans-7.0.8.jar!/:7.0.8]
app-1  | 	at org.springframework.beans.factory.support.DefaultSingletonBeanRegistry.getSingleton(DefaultSingletonBeanRegistry.java:371) ~[spring-beans-7.0.8.jar!/:7.0.8]
app-1  | 	at org.springframework.beans.factory.support.AbstractBeanFactory.doGetBean(AbstractBeanFactory.java:331) ~[spring-beans-7.0.8.jar!/:7.0.8]
app-1  | 	at org.springframework.beans.factory.support.AbstractBeanFactory.getBean(AbstractBeanFactory.java:201) ~[spring-beans-7.0.8.jar!/:7.0.8]
app-1  | 	at org.springframework.beans.factory.config.DependencyDescriptor.resolveCandidate(DependencyDescriptor.java:229) ~[spring-beans-7.0.8.jar!/:7.0.8]
app-1  | 	at org.springframework.beans.factory.support.DefaultListableBeanFactory.doResolveDependency(DefaultListableBeanFactory.java:1769) ~[spring-beans-7.0.8.jar!/:7.0.8]
app-1  | 	at org.springframework.beans.factory.support.DefaultListableBeanFactory.resolveDependency(DefaultListableBeanFactory.java:1658) ~[spring-beans-7.0.8.jar!/:7.0.8]
app-1  | 	at org.springframework.beans.factory.support.ConstructorResolver.resolveAutowiredArgument(ConstructorResolver.java:912) ~[spring-beans-7.0.8.jar!/:7.0.8]
app-1  | 	at org.springframework.beans.factory.support.ConstructorResolver.createArgumentArray(ConstructorResolver.java:791) ~[spring-beans-7.0.8.jar!/:7.0.8]
app-1  | 	... 42 common frames omitted
app-1  | Caused by: software.amazon.awssdk.core.exception.SdkClientException: Received an UnknownHostException when attempting to interact with a service. See cause for the exact endpoint that is failing to resolve. If this is happening on an endpoint that previously worked, there may be a network connectivity issue or your DNS cache could be storing endpoints for too long.
app-1  | 	at software.amazon.awssdk.core.exception.SdkClientException$BuilderImpl.build(SdkClientException.java:130) ~[sdk-core-2.31.6.jar!/:na]
app-1  | 	at software.amazon.awssdk.awscore.interceptor.HelpfulUnknownHostExceptionInterceptor.modifyException(HelpfulUnknownHostExceptionInterceptor.java:59) ~[aws-core-2.31.6.jar!/:na]
app-1  | 	at software.amazon.awssdk.core.interceptor.ExecutionInterceptorChain.modifyException(ExecutionInterceptorChain.java:181) ~[sdk-core-2.31.6.jar!/:na]
app-1  | 	at software.amazon.awssdk.core.internal.http.pipeline.stages.utils.ExceptionReportingUtils.runModifyException(ExceptionReportingUtils.java:54) ~[sdk-core-2.31.6.jar!/:na]
app-1  | 	at software.amazon.awssdk.core.internal.http.pipeline.stages.utils.ExceptionReportingUtils.reportFailureToInterceptors(ExceptionReportingUtils.java:38) ~[sdk-core-2.31.6.jar!/:na]
app-1  | 	at software.amazon.awssdk.core.internal.http.pipeline.stages.ExecutionFailureExceptionReportingStage.execute(ExecutionFailureExceptionReportingStage.java:39) ~[sdk-core-2.31.6.jar!/:na]
app-1  | 	at software.amazon.awssdk.core.internal.http.pipeline.stages.ExecutionFailureExceptionReportingStage.execute(ExecutionFailureExceptionReportingStage.java:26) ~[sdk-core-2.31.6.jar!/:na]
app-1  | 	at software.amazon.awssdk.core.internal.http.AmazonSyncHttpClient$RequestExecutionBuilderImpl.execute(AmazonSyncHttpClient.java:210) ~[sdk-core-2.31.6.jar!/:na]
app-1  | 	at software.amazon.awssdk.core.internal.handler.BaseSyncClientHandler.invoke(BaseSyncClientHandler.java:103) ~[sdk-core-2.31.6.jar!/:na]
app-1  | 	at software.amazon.awssdk.core.internal.handler.BaseSyncClientHandler.doExecute(BaseSyncClientHandler.java:173) ~[sdk-core-2.31.6.jar!/:na]
app-1  | 	at software.amazon.awssdk.core.internal.handler.BaseSyncClientHandler.lambda$execute$1(BaseSyncClientHandler.java:80) ~[sdk-core-2.31.6.jar!/:na]
app-1  | 	at software.amazon.awssdk.core.internal.handler.BaseSyncClientHandler.measureApiCallSuccess(BaseSyncClientHandler.java:182) ~[sdk-core-2.31.6.jar!/:na]
app-1  | 	at software.amazon.awssdk.core.internal.handler.BaseSyncClientHandler.execute(BaseSyncClientHandler.java:74) ~[sdk-core-2.31.6.jar!/:na]
app-1  | 	at software.amazon.awssdk.core.client.handler.SdkSyncClientHandler.execute(SdkSyncClientHandler.java:45) ~[sdk-core-2.31.6.jar!/:na]
app-1  | 	at software.amazon.awssdk.awscore.client.handler.AwsSyncClientHandler.execute(AwsSyncClientHandler.java:53) ~[aws-core-2.31.6.jar!/:na]
app-1  | 	at software.amazon.awssdk.services.s3.DefaultS3Client.headBucket(DefaultS3Client.java:6818) ~[s3-2.31.6.jar!/:na]
app-1  | 	at software.amazon.awssdk.services.s3.S3Client.headBucket(S3Client.java:12933) ~[s3-2.31.6.jar!/:na]
app-1  | 	at com.prakashstores.storage.MinioStorageService.ensureBucket(MinioStorageService.java:40) ~[!/:0.0.1-SNAPSHOT]
app-1  | 	at java.base/jdk.internal.reflect.NativeMethodAccessorImpl.invoke0(Native Method) ~[na:na]
app-1  | 	at java.base/jdk.internal.reflect.NativeMethodAccessorImpl.invoke(Unknown Source) ~[na:na]
app-1  | 	at java.base/jdk.internal.reflect.DelegatingMethodAccessorImpl.invoke(Unknown Source) ~[na:na]
app-1  | 	at java.base/java.lang.reflect.Method.invoke(Unknown Source) ~[na:na]
app-1  | 	at org.springframework.beans.factory.annotation.InitDestroyAnnotationBeanPostProcessor$LifecycleMethod.invoke(InitDestroyAnnotationBeanPostProcessor.java:453) ~[spring-beans-7.0.8.jar!/:7.0.8]
app-1  | 	at org.springframework.beans.factory.annotation.InitDestroyAnnotationBeanPostProcessor$LifecycleMetadata.invokeInitMethods(InitDestroyAnnotationBeanPostProcessor.java:397) ~[spring-beans-7.0.8.jar!/:7.0.8]
app-1  | 	at org.springframework.beans.factory.annotation.InitDestroyAnnotationBeanPostProcessor.postProcessBeforeInitialization(InitDestroyAnnotationBeanPostProcessor.java:217) ~[spring-beans-7.0.8.jar!/:7.0.8]
app-1  | 	... 55 common frames omitted
app-1  | Caused by: software.amazon.awssdk.core.exception.SdkClientException: Unable to execute HTTP request: minio (SDK Attempt Count: 4)
app-1  | 	at software.amazon.awssdk.core.exception.SdkClientException$BuilderImpl.build(SdkClientException.java:130) ~[sdk-core-2.31.6.jar!/:na]
app-1  | 	at software.amazon.awssdk.core.exception.SdkClientException$BuilderImpl.build(SdkClientException.java:95) ~[sdk-core-2.31.6.jar!/:na]
app-1  | 	at software.amazon.awssdk.core.internal.http.pipeline.stages.utils.RetryableStageHelper.retryPolicyDisallowedRetryException(RetryableStageHelper.java:168) ~[sdk-core-2.31.6.jar!/:na]
app-1  | 	at software.amazon.awssdk.core.internal.http.pipeline.stages.RetryableStage.execute(RetryableStage.java:73) ~[sdk-core-2.31.6.jar!/:na]
app-1  | 	at software.amazon.awssdk.core.internal.http.pipeline.stages.RetryableStage.execute(RetryableStage.java:36) ~[sdk-core-2.31.6.jar!/:na]
app-1  | 	at software.amazon.awssdk.core.internal.http.pipeline.RequestPipelineBuilder$ComposingRequestPipelineStage.execute(RequestPipelineBuilder.java:206) ~[sdk-core-2.31.6.jar!/:na]
app-1  | 	at software.amazon.awssdk.core.internal.http.StreamManagingStage.execute(StreamManagingStage.java:53) ~[sdk-core-2.31.6.jar!/:na]
app-1  | 	at software.amazon.awssdk.core.internal.http.StreamManagingStage.execute(StreamManagingStage.java:35) ~[sdk-core-2.31.6.jar!/:na]
app-1  | 	at software.amazon.awssdk.core.internal.http.pipeline.stages.ApiCallTimeoutTrackingStage.executeWithTimer(ApiCallTimeoutTrackingStage.java:82) ~[sdk-core-2.31.6.jar!/:na]
app-1  | 	at software.amazon.awssdk.core.internal.http.pipeline.stages.ApiCallTimeoutTrackingStage.execute(ApiCallTimeoutTrackingStage.java:62) ~[sdk-core-2.31.6.jar!/:na]
app-1  | 	at software.amazon.awssdk.core.internal.http.pipeline.stages.ApiCallTimeoutTrackingStage.execute(ApiCallTimeoutTrackingStage.java:43) ~[sdk-core-2.31.6.jar!/:na]
app-1  | 	at software.amazon.awssdk.core.internal.http.pipeline.stages.ApiCallMetricCollectionStage.execute(ApiCallMetricCollectionStage.java:50) ~[sdk-core-2.31.6.jar!/:na]
app-1  | 	at software.amazon.awssdk.core.internal.http.pipeline.stages.ApiCallMetricCollectionStage.execute(ApiCallMetricCollectionStage.java:32) ~[sdk-core-2.31.6.jar!/:na]
app-1  | 	at software.amazon.awssdk.core.internal.http.pipeline.RequestPipelineBuilder$ComposingRequestPipelineStage.execute(RequestPipelineBuilder.java:206) ~[sdk-core-2.31.6.jar!/:na]
app-1  | 	at software.amazon.awssdk.core.internal.http.pipeline.RequestPipelineBuilder$ComposingRequestPipelineStage.execute(RequestPipelineBuilder.java:206) ~[sdk-core-2.31.6.jar!/:na]
app-1  | 	at software.amazon.awssdk.core.internal.http.pipeline.stages.ExecutionFailureExceptionReportingStage.execute(ExecutionFailureExceptionReportingStage.java:37) ~[sdk-core-2.31.6.jar!/:na]
app-1  | 	... 74 common frames omitted
app-1  | 	Suppressed: software.amazon.awssdk.core.exception.SdkClientException: Request attempt 1 failure: Unable to execute HTTP request: minio: Name or service not known
app-1  | 	Suppressed: software.amazon.awssdk.core.exception.SdkClientException: Request attempt 2 failure: Unable to execute HTTP request: minio
app-1  | 	Suppressed: software.amazon.awssdk.core.exception.SdkClientException: Request attempt 3 failure: Unable to execute HTTP request: minio
app-1  | Caused by: java.net.UnknownHostException: minio
app-1  | 	at java.base/java.net.InetAddress$CachedAddresses.get(Unknown Source) ~[na:na]
app-1  | 	at java.base/java.net.InetAddress.getAllByName0(Unknown Source) ~[na:na]
app-1  | 	at java.base/java.net.InetAddress.getAllByName(Unknown Source) ~[na:na]
app-1  | 	at java.base/java.net.InetAddress.getAllByName(Unknown Source) ~[na:na]
app-1  | 	at org.apache.http.impl.conn.SystemDefaultDnsResolver.resolve(SystemDefaultDnsResolver.java:45) ~[httpclient-4.5.13.jar!/:4.5.13]
app-1  | 	at org.apache.http.impl.conn.DefaultHttpClientConnectionOperator.connect(DefaultHttpClientConnectionOperator.java:112) ~[httpclient-4.5.13.jar!/:4.5.13]
app-1  | 	at org.apache.http.impl.conn.PoolingHttpClientConnectionManager.connect(PoolingHttpClientConnectionManager.java:376) ~[httpclient-4.5.13.jar!/:4.5.13]
app-1  | 	at software.amazon.awssdk.http.apache.internal.conn.ClientConnectionManagerFactory$DelegatingHttpClientConnectionManager.connect(ClientConnectionManagerFactory.java:86) ~[apache-client-2.31.6.jar!/:na]
app-1  | 	at org.apache.http.impl.execchain.MainClientExec.establishRoute(MainClientExec.java:393) ~[httpclient-4.5.13.jar!/:4.5.13]
app-1  | 	at org.apache.http.impl.execchain.MainClientExec.execute(MainClientExec.java:236) ~[httpclient-4.5.13.jar!/:4.5.13]
app-1  | 	at org.apache.http.impl.execchain.ProtocolExec.execute(ProtocolExec.java:186) ~[httpclient-4.5.13.jar!/:4.5.13]
app-1  | 	at org.apache.http.impl.client.InternalHttpClient.doExecute(InternalHttpClient.java:185) ~[httpclient-4.5.13.jar!/:4.5.13]
app-1  | 	at org.apache.http.impl.client.CloseableHttpClient.execute(CloseableHttpClient.java:83) ~[httpclient-4.5.13.jar!/:4.5.13]
app-1  | 	at org.apache.http.impl.client.CloseableHttpClient.execute(CloseableHttpClient.java:56) ~[httpclient-4.5.13.jar!/:4.5.13]
app-1  | 	at software.amazon.awssdk.http.apache.internal.impl.ApacheSdkHttpClient.execute(ApacheSdkHttpClient.java:72) ~[apache-client-2.31.6.jar!/:na]
app-1  | 	at software.amazon.awssdk.http.apache.ApacheHttpClient.execute(ApacheHttpClient.java:259) ~[apache-client-2.31.6.jar!/:na]
app-1  | 	at software.amazon.awssdk.http.apache.ApacheHttpClient.access$600(ApacheHttpClient.java:104) ~[apache-client-2.31.6.jar!/:na]
app-1  | 	at software.amazon.awssdk.http.apache.ApacheHttpClient$1.call(ApacheHttpClient.java:236) ~[apache-client-2.31.6.jar!/:na]
app-1  | 	at software.amazon.awssdk.http.apache.ApacheHttpClient$1.call(ApacheHttpClient.java:233) ~[apache-client-2.31.6.jar!/:na]
app-1  | 	at software.amazon.awssdk.core.internal.util.MetricUtils.measureDurationUnsafe(MetricUtils.java:102) ~[sdk-core-2.31.6.jar!/:na]
app-1  | 	at software.amazon.awssdk.core.internal.http.pipeline.stages.MakeHttpRequestStage.executeHttpRequest(MakeHttpRequestStage.java:88) ~[sdk-core-2.31.6.jar!/:na]
app-1  | 	at software.amazon.awssdk.core.internal.http.pipeline.stages.MakeHttpRequestStage.execute(MakeHttpRequestStage.java:64) ~[sdk-core-2.31.6.jar!/:na]
app-1  | 	at software.amazon.awssdk.core.internal.http.pipeline.stages.MakeHttpRequestStage.execute(MakeHttpRequestStage.java:46) ~[sdk-core-2.31.6.jar!/:na]
app-1  | 	at software.amazon.awssdk.core.internal.http.pipeline.RequestPipelineBuilder$ComposingRequestPipelineStage.execute(RequestPipelineBuilder.java:206) ~[sdk-core-2.31.6.jar!/:na]
app-1  | 	at software.amazon.awssdk.core.internal.http.pipeline.RequestPipelineBuilder$ComposingRequestPipelineStage.execute(RequestPipelineBuilder.java:206) ~[sdk-core-2.31.6.jar!/:na]
app-1  | 	at software.amazon.awssdk.core.internal.http.pipeline.RequestPipelineBuilder$ComposingRequestPipelineStage.execute(RequestPipelineBuilder.java:206) ~[sdk-core-2.31.6.jar!/:na]
app-1  | 	at software.amazon.awssdk.core.internal.http.pipeline.RequestPipelineBuilder$ComposingRequestPipelineStage.execute(RequestPipelineBuilder.java:206) ~[sdk-core-2.31.6.jar!/:na]
app-1  | 	at software.amazon.awssdk.core.internal.http.pipeline.stages.ApiCallAttemptTimeoutTrackingStage.execute(ApiCallAttemptTimeoutTrackingStage.java:74) ~[sdk-core-2.31.6.jar!/:na]
app-1  | 	at software.amazon.awssdk.core.internal.http.pipeline.stages.ApiCallAttemptTimeoutTrackingStage.execute(ApiCallAttemptTimeoutTrackingStage.java:43) ~[sdk-core-2.31.6.jar!/:na]
app-1  | 	at software.amazon.awssdk.core.internal.http.pipeline.stages.TimeoutExceptionHandlingStage.execute(TimeoutExceptionHandlingStage.java:79) ~[sdk-core-2.31.6.jar!/:na]
app-1  | 	at software.amazon.awssdk.core.internal.http.pipeline.stages.TimeoutExceptionHandlingStage.execute(TimeoutExceptionHandlingStage.java:41) ~[sdk-core-2.31.6.jar!/:na]
app-1  | 	at software.amazon.awssdk.core.internal.http.pipeline.stages.ApiCallAttemptMetricCollectionStage.execute(ApiCallAttemptMetricCollectionStage.java:55) ~[sdk-core-2.31.6.jar!/:na]
app-1  | 	at software.amazon.awssdk.core.internal.http.pipeline.stages.ApiCallAttemptMetricCollectionStage.execute(ApiCallAttemptMetricCollectionStage.java:39) ~[sdk-core-2.31.6.jar!/:na]
app-1  | 	at software.amazon.awssdk.core.internal.http.pipeline.stages.RetryableStage.executeRequest(RetryableStage.java:93) ~[sdk-core-2.31.6.jar!/:na]
app-1  | 	at software.amazon.awssdk.core.internal.http.pipeline.stages.RetryableStage.execute(RetryableStage.java:56) ~[sdk-core-2.31.6.jar!/:na]
app-1  | 	... 86 common frames omitted
app-1  | 
app-1  | 
app-1  |   .   ____          _            __ _ _
app-1  |  /\\ / ___'_ __ _ _(_)_ __  __ _ \ \ \ \
app-1  | ( ( )\___ | '_ | '_| | '_ \/ _` | \ \ \ \
app-1  |  \\/  ___)| |_)| | | | | || (_| |  ) ) ) )
app-1  |   '  |____| .__|_| |_|_| |_\__, | / / / /
app-1  |  =========|_|==============|___/=/_/_/_/
app-1  | 
app-1  |  :: Spring Boot ::                (v4.1.0)
app-1  | 
app-1  | 2026-09-13T08:07:38.637Z  INFO 1 --- [prakashstores] [           main] c.p.PrakashStoresApplication             : Starting PrakashStoresApplication v0.0.1-SNAPSHOT using Java 17.0.19 with PID 1 (/app/app.jar started by app in /app)
app-1  | 2026-09-13T08:07:38.638Z  INFO 1 --- [prakashstores] [           main] c.p.PrakashStoresApplication             : No active profile set, falling back to 1 default profile: "default"
app-1  | 2026-09-13T08:07:39.116Z  INFO 1 --- [prakashstores] [           main] .s.d.r.c.RepositoryConfigurationDelegate : Bootstrapping Spring Data JPA repositories in DEFAULT mode.
app-1  | 2026-09-13T08:07:39.156Z  INFO 1 --- [prakashstores] [           main] .s.d.r.c.RepositoryConfigurationDelegate : Finished Spring Data repository scanning in 37 ms. Found 12 JPA repository interfaces.
app-1  | 2026-09-13T08:07:39.448Z  INFO 1 --- [prakashstores] [           main] o.s.boot.tomcat.TomcatWebServer          : Tomcat initialized with port 8080 (http)
app-1  | 2026-09-13T08:07:39.454Z  INFO 1 --- [prakashstores] [           main] o.apache.catalina.core.StandardService   : Starting service [Tomcat]
app-1  | 2026-09-13T08:07:39.454Z  INFO 1 --- [prakashstores] [           main] o.apache.catalina.core.StandardEngine    : Starting Servlet engine: [Apache Tomcat/11.0.22]
app-1  | 2026-09-13T08:07:39.469Z  INFO 1 --- [prakashstores] [           main] b.w.c.s.WebApplicationContextInitializer : Root WebApplicationContext: initialization completed in 792 ms
app-1  | 2026-09-13T08:07:39.599Z  INFO 1 --- [prakashstores] [           main] org.hibernate.orm.jpa                    : HHH008540: Processing PersistenceUnitInfo [name: default]
app-1  | 2026-09-13T08:07:39.622Z  INFO 1 --- [prakashstores] [           main] org.hibernate.orm.core                   : HHH000001: Hibernate ORM core version 7.4.1.Final
app-1  | 2026-09-13T08:07:39.810Z  INFO 1 --- [prakashstores] [           main] o.s.o.j.p.SpringPersistenceUnitInfo      : No LoadTimeWeaver setup: ignoring JPA class transformer
app-1  | 2026-09-13T08:07:39.824Z  INFO 1 --- [prakashstores] [           main] com.zaxxer.hikari.HikariDataSource       : HikariPool-1 - Starting...
app-1  | 2026-09-13T08:07:39.966Z  INFO 1 --- [prakashstores] [           main] com.zaxxer.hikari.pool.HikariPool        : HikariPool-1 - Added connection org.postgresql.jdbc.PgConnection@484876a1
app-1  | 2026-09-13T08:07:39.967Z  INFO 1 --- [prakashstores] [           main] com.zaxxer.hikari.HikariDataSource       : HikariPool-1 - Start completed.
app-1  | 2026-09-13T08:07:39.987Z  WARN 1 --- [prakashstores] [           main] org.hibernate.orm.deprecation            : HHH90000025: PostgreSQLDialect does not need to be specified explicitly using 'hibernate.dialect' (remove the property setting and it will be selected by default)
app-1  | 2026-09-13T08:07:40.000Z  INFO 1 --- [prakashstores] [           main] org.hibernate.orm.connections.pooling    : HHH10001005: Database info:
app-1  | 	Database JDBC URL [jdbc:postgresql://db:5432/prakashstores]
app-1  | 	Database driver: PostgreSQL JDBC Driver
app-1  | 	Database dialect: PostgreSQLDialect
app-1  | 	Database version: 16.15
app-1  | 	Default catalog/schema: prakashstores/public
app-1  | 	Autocommit mode: undefined/unknown
app-1  | 	Isolation level: READ_COMMITTED [default READ_COMMITTED]
app-1  | 	JDBC fetch size: none
app-1  | 	Pool: DataSourceConnectionProvider
app-1  | 	Minimum pool size: undefined/unknown
app-1  | 	Maximum pool size: undefined/unknown
app-1  | 2026-09-13T08:07:40.578Z  INFO 1 --- [prakashstores] [           main] org.hibernate.orm.core                   : HHH000489: No JTA platform available (set 'hibernate.transaction.jta.platform' to enable JTA platform integration)
app-1  | 2026-09-13T08:07:40.623Z  INFO 1 --- [prakashstores] [           main] j.LocalContainerEntityManagerFactoryBean : Initialized JPA EntityManagerFactory for persistence unit 'default'
app-1  | 2026-09-13T08:07:40.709Z  INFO 1 --- [prakashstores] [           main] o.s.d.j.r.query.QueryEnhancerFactories   : Hibernate is in classpath; If applicable, HQL parser will be used.
app-1  | 2026-09-13T08:07:40.865Z  INFO 1 --- [prakashstores] [           main] eAuthenticationProviderManagerConfigurer : Global AuthenticationManager configured with AuthenticationProvider bean with name authenticationProvider
app-1  | 2026-09-13T08:07:40.866Z  WARN 1 --- [prakashstores] [           main] r$InitializeUserDetailsManagerConfigurer : Global AuthenticationManager configured with an AuthenticationProvider bean. UserDetailsService beans will not be used by Spring Security for automatically configuring username/password login. Consider removing the AuthenticationProvider bean. Alternatively, consider using the UserDetailsService in a manually instantiated DaoAuthenticationProvider. If the current configuration is intentional, to turn off this warning, increase the logging level of 'org.springframework.security.config.annotation.authentication.configuration.InitializeUserDetailsBeanManagerConfigurer' to ERROR
app-1  | 2026-09-13T08:07:41.435Z  WARN 1 --- [prakashstores] [           main] ConfigServletWebServerApplicationContext : Exception encountered during context initialization - cancelling refresh attempt: org.springframework.beans.factory.UnsatisfiedDependencyException: Error creating bean with name 'galleryController' defined in URL [jar:nested:/app/app.jar/!BOOT-INF/classes/!/com/prakashstores/controller/GalleryController.class]: Unsatisfied dependency expressed through constructor parameter 0: Error creating bean with name 'mediaAssetService' defined in URL [jar:nested:/app/app.jar/!BOOT-INF/classes/!/com/prakashstores/service/MediaAssetService.class]: Unsatisfied dependency expressed through constructor parameter 1: Error creating bean with name 'minioStorageService': Invocation of init method failed
app-1  | 2026-09-13T08:07:41.437Z  INFO 1 --- [prakashstores] [           main] j.LocalContainerEntityManagerFactoryBean : Closing JPA EntityManagerFactory for persistence unit 'default'
app-1  | 2026-09-13T08:07:41.440Z  INFO 1 --- [prakashstores] [           main] com.zaxxer.hikari.HikariDataSource       : HikariPool-1 - Shutdown initiated...
app-1  | 2026-09-13T08:07:41.444Z  INFO 1 --- [prakashstores] [           main] com.zaxxer.hikari.HikariDataSource       : HikariPool-1 - Shutdown completed.
app-1  | 2026-09-13T08:07:41.447Z  INFO 1 --- [prakashstores] [           main] o.apache.catalina.core.StandardService   : Stopping service [Tomcat]
app-1  | 2026-09-13T08:07:41.455Z  INFO 1 --- [prakashstores] [           main] .s.b.a.l.ConditionEvaluationReportLogger : 
app-1  | 
app-1  | Error starting ApplicationContext. To display the condition evaluation report re-run your application with 'debug' enabled.
app-1  | 2026-09-13T08:07:41.464Z ERROR 1 --- [prakashstores] [           main] o.s.boot.SpringApplication               : Application run failed
app-1  | 
app-1  | org.springframework.beans.factory.UnsatisfiedDependencyException: Error creating bean with name 'galleryController' defined in URL [jar:nested:/app/app.jar/!BOOT-INF/classes/!/com/prakashstores/controller/GalleryController.class]: Unsatisfied dependency expressed through constructor parameter 0: Error creating bean with name 'mediaAssetService' defined in URL [jar:nested:/app/app.jar/!BOOT-INF/classes/!/com/prakashstores/service/MediaAssetService.class]: Unsatisfied dependency expressed through constructor parameter 1: Error creating bean with name 'minioStorageService': Invocation of init method failed
app-1  | 	at org.springframework.beans.factory.support.ConstructorResolver.createArgumentArray(ConstructorResolver.java:804) ~[spring-beans-7.0.8.jar!/:7.0.8]
app-1  | 	at org.springframework.beans.factory.support.ConstructorResolver.autowireConstructor(ConstructorResolver.java:240) ~[spring-beans-7.0.8.jar!/:7.0.8]
app-1  | 	at org.springframework.beans.factory.support.AbstractAutowireCapableBeanFactory.autowireConstructor(AbstractAutowireCapableBeanFactory.java:1380) ~[spring-beans-7.0.8.jar!/:7.0.8]
app-1  | 	at org.springframework.beans.factory.support.AbstractAutowireCapableBeanFactory.createBeanInstance(AbstractAutowireCapableBeanFactory.java:1219) ~[spring-beans-7.0.8.jar!/:7.0.8]
app-1  | 	at org.springframework.beans.factory.support.AbstractAutowireCapableBeanFactory.doCreateBean(AbstractAutowireCapableBeanFactory.java:565) ~[spring-beans-7.0.8.jar!/:7.0.8]
app-1  | 	at org.springframework.beans.factory.support.AbstractAutowireCapableBeanFactory.createBean(AbstractAutowireCapableBeanFactory.java:525) ~[spring-beans-7.0.8.jar!/:7.0.8]
app-1  | 	at org.springframework.beans.factory.support.AbstractBeanFactory.lambda$doGetBean$0(AbstractBeanFactory.java:333) ~[spring-beans-7.0.8.jar!/:7.0.8]
app-1  | 	at org.springframework.beans.factory.support.DefaultSingletonBeanRegistry.getSingleton(DefaultSingletonBeanRegistry.java:371) ~[spring-beans-7.0.8.jar!/:7.0.8]
app-1  | 	at org.springframework.beans.factory.support.AbstractBeanFactory.doGetBean(AbstractBeanFactory.java:331) ~[spring-beans-7.0.8.jar!/:7.0.8]
app-1  | 	at org.springframework.beans.factory.support.AbstractBeanFactory.getBean(AbstractBeanFactory.java:196) ~[spring-beans-7.0.8.jar!/:7.0.8]
app-1  | 	at org.springframework.beans.factory.support.DefaultListableBeanFactory.instantiateSingleton(DefaultListableBeanFactory.java:1225) ~[spring-beans-7.0.8.jar!/:7.0.8]
app-1  | 	at org.springframework.beans.factory.support.DefaultListableBeanFactory.preInstantiateSingleton(DefaultListableBeanFactory.java:1191) ~[spring-beans-7.0.8.jar!/:7.0.8]
app-1  | 	at org.springframework.beans.factory.support.DefaultListableBeanFactory.preInstantiateSingletons(DefaultListableBeanFactory.java:1121) ~[spring-beans-7.0.8.jar!/:7.0.8]
app-1  | 	at org.springframework.context.support.AbstractApplicationContext.finishBeanFactoryInitialization(AbstractApplicationContext.java:994) ~[spring-context-7.0.8.jar!/:7.0.8]
app-1  | 	at org.springframework.context.support.AbstractApplicationContext.refresh(AbstractApplicationContext.java:621) ~[spring-context-7.0.8.jar!/:7.0.8]
app-1  | 	at org.springframework.boot.web.server.servlet.context.ServletWebServerApplicationContext.refresh(ServletWebServerApplicationContext.java:143) ~[spring-boot-web-server-4.1.0.jar!/:4.1.0]
app-1  | 	at org.springframework.boot.SpringApplication.refresh(SpringApplication.java:756) ~[spring-boot-4.1.0.jar!/:4.1.0]
app-1  | 	at org.springframework.boot.SpringApplication.refreshContext(SpringApplication.java:445) ~[spring-boot-4.1.0.jar!/:4.1.0]
app-1  | 	at org.springframework.boot.SpringApplication.run(SpringApplication.java:321) ~[spring-boot-4.1.0.jar!/:4.1.0]
app-1  | 	at org.springframework.boot.SpringApplication.run(SpringApplication.java:1365) ~[spring-boot-4.1.0.jar!/:4.1.0]
app-1  | 	at org.springframework.boot.SpringApplication.run(SpringApplication.java:1354) ~[spring-boot-4.1.0.jar!/:4.1.0]
app-1  | 	at com.prakashstores.PrakashStoresApplication.main(PrakashStoresApplication.java:9) ~[!/:0.0.1-SNAPSHOT]
app-1  | 	at java.base/jdk.internal.reflect.NativeMethodAccessorImpl.invoke0(Native Method) ~[na:na]
app-1  | 	at java.base/jdk.internal.reflect.NativeMethodAccessorImpl.invoke(Unknown Source) ~[na:na]
app-1  | 	at java.base/jdk.internal.reflect.DelegatingMethodAccessorImpl.invoke(Unknown Source) ~[na:na]
app-1  | 	at java.base/java.lang.reflect.Method.invoke(Unknown Source) ~[na:na]
app-1  | 	at org.springframework.boot.loader.launch.Launcher.launch(Launcher.java:106) ~[app.jar:0.0.1-SNAPSHOT]
app-1  | 	at org.springframework.boot.loader.launch.Launcher.launch(Launcher.java:64) ~[app.jar:0.0.1-SNAPSHOT]
app-1  | 	at org.springframework.boot.loader.launch.JarLauncher.main(JarLauncher.java:40) ~[app.jar:0.0.1-SNAPSHOT]
app-1  | Caused by: org.springframework.beans.factory.UnsatisfiedDependencyException: Error creating bean with name 'mediaAssetService' defined in URL [jar:nested:/app/app.jar/!BOOT-INF/classes/!/com/prakashstores/service/MediaAssetService.class]: Unsatisfied dependency expressed through constructor parameter 1: Error creating bean with name 'minioStorageService': Invocation of init method failed
app-1  | 	at org.springframework.beans.factory.support.ConstructorResolver.createArgumentArray(ConstructorResolver.java:804) ~[spring-beans-7.0.8.jar!/:7.0.8]
app-1  | 	at org.springframework.beans.factory.support.ConstructorResolver.autowireConstructor(ConstructorResolver.java:240) ~[spring-beans-7.0.8.jar!/:7.0.8]
app-1  | 	at org.springframework.beans.factory.support.AbstractAutowireCapableBeanFactory.autowireConstructor(AbstractAutowireCapableBeanFactory.java:1380) ~[spring-beans-7.0.8.jar!/:7.0.8]
app-1  | 	at org.springframework.beans.factory.support.AbstractAutowireCapableBeanFactory.createBeanInstance(AbstractAutowireCapableBeanFactory.java:1219) ~[spring-beans-7.0.8.jar!/:7.0.8]
app-1  | 	at org.springframework.beans.factory.support.AbstractAutowireCapableBeanFactory.doCreateBean(AbstractAutowireCapableBeanFactory.java:565) ~[spring-beans-7.0.8.jar!/:7.0.8]
app-1  | 	at org.springframework.beans.factory.support.AbstractAutowireCapableBeanFactory.createBean(AbstractAutowireCapableBeanFactory.java:525) ~[spring-beans-7.0.8.jar!/:7.0.8]
app-1  | 	at org.springframework.beans.factory.support.AbstractBeanFactory.lambda$doGetBean$0(AbstractBeanFactory.java:333) ~[spring-beans-7.0.8.jar!/:7.0.8]
app-1  | 	at org.springframework.beans.factory.support.DefaultSingletonBeanRegistry.getSingleton(DefaultSingletonBeanRegistry.java:371) ~[spring-beans-7.0.8.jar!/:7.0.8]
app-1  | 	at org.springframework.beans.factory.support.AbstractBeanFactory.doGetBean(AbstractBeanFactory.java:331) ~[spring-beans-7.0.8.jar!/:7.0.8]
app-1  | 	at org.springframework.beans.factory.support.AbstractBeanFactory.getBean(AbstractBeanFactory.java:201) ~[spring-beans-7.0.8.jar!/:7.0.8]
app-1  | 	at org.springframework.beans.factory.support.DefaultListableBeanFactory.resolveBean(DefaultListableBeanFactory.java:1232) ~[spring-beans-7.0.8.jar!/:7.0.8]
app-1  | 	at org.springframework.beans.factory.support.DefaultListableBeanFactory.doResolveDependency(DefaultListableBeanFactory.java:1711) ~[spring-beans-7.0.8.jar!/:7.0.8]
app-1  | 	at org.springframework.beans.factory.support.DefaultListableBeanFactory.resolveDependency(DefaultListableBeanFactory.java:1658) ~[spring-beans-7.0.8.jar!/:7.0.8]
app-1  | 	at org.springframework.beans.factory.support.ConstructorResolver.resolveAutowiredArgument(ConstructorResolver.java:912) ~[spring-beans-7.0.8.jar!/:7.0.8]
app-1  | 	at org.springframework.beans.factory.support.ConstructorResolver.createArgumentArray(ConstructorResolver.java:791) ~[spring-beans-7.0.8.jar!/:7.0.8]
app-1  | 	... 28 common frames omitted
app-1  | Caused by: org.springframework.beans.factory.BeanCreationException: Error creating bean with name 'minioStorageService': Invocation of init method failed
app-1  | 	at org.springframework.beans.factory.annotation.InitDestroyAnnotationBeanPostProcessor.postProcessBeforeInitialization(InitDestroyAnnotationBeanPostProcessor.java:220) ~[spring-beans-7.0.8.jar!/:7.0.8]
app-1  | 	at org.springframework.beans.factory.support.AbstractAutowireCapableBeanFactory.applyBeanPostProcessorsBeforeInitialization(AbstractAutowireCapableBeanFactory.java:426) ~[spring-beans-7.0.8.jar!/:7.0.8]
app-1  | 	at org.springframework.beans.factory.support.AbstractAutowireCapableBeanFactory.initializeBean(AbstractAutowireCapableBeanFactory.java:1807) ~[spring-beans-7.0.8.jar!/:7.0.8]
app-1  | 	at org.springframework.beans.factory.support.AbstractAutowireCapableBeanFactory.doCreateBean(AbstractAutowireCapableBeanFactory.java:603) ~[spring-beans-7.0.8.jar!/:7.0.8]
app-1  | 	at org.springframework.beans.factory.support.AbstractAutowireCapableBeanFactory.createBean(AbstractAutowireCapableBeanFactory.java:525) ~[spring-beans-7.0.8.jar!/:7.0.8]
app-1  | 	at org.springframework.beans.factory.support.AbstractBeanFactory.lambda$doGetBean$0(AbstractBeanFactory.java:333) ~[spring-beans-7.0.8.jar!/:7.0.8]
app-1  | 	at org.springframework.beans.factory.support.DefaultSingletonBeanRegistry.getSingleton(DefaultSingletonBeanRegistry.java:371) ~[spring-beans-7.0.8.jar!/:7.0.8]
app-1  | 	at org.springframework.beans.factory.support.AbstractBeanFactory.doGetBean(AbstractBeanFactory.java:331) ~[spring-beans-7.0.8.jar!/:7.0.8]
app-1  | 	at org.springframework.beans.factory.support.AbstractBeanFactory.getBean(AbstractBeanFactory.java:201) ~[spring-beans-7.0.8.jar!/:7.0.8]
app-1  | 	at org.springframework.beans.factory.config.DependencyDescriptor.resolveCandidate(DependencyDescriptor.java:229) ~[spring-beans-7.0.8.jar!/:7.0.8]
app-1  | 	at org.springframework.beans.factory.support.DefaultListableBeanFactory.doResolveDependency(DefaultListableBeanFactory.java:1769) ~[spring-beans-7.0.8.jar!/:7.0.8]
app-1  | 	at org.springframework.beans.factory.support.DefaultListableBeanFactory.resolveDependency(DefaultListableBeanFactory.java:1658) ~[spring-beans-7.0.8.jar!/:7.0.8]
app-1  | 	at org.springframework.beans.factory.support.ConstructorResolver.resolveAutowiredArgument(ConstructorResolver.java:912) ~[spring-beans-7.0.8.jar!/:7.0.8]
app-1  | 	at org.springframework.beans.factory.support.ConstructorResolver.createArgumentArray(ConstructorResolver.java:791) ~[spring-beans-7.0.8.jar!/:7.0.8]
app-1  | 	... 42 common frames omitted
app-1  | Caused by: software.amazon.awssdk.core.exception.SdkClientException: Received an UnknownHostException when attempting to interact with a service. See cause for the exact endpoint that is failing to resolve. If this is happening on an endpoint that previously worked, there may be a network connectivity issue or your DNS cache could be storing endpoints for too long.
app-1  | 	at software.amazon.awssdk.core.exception.SdkClientException$BuilderImpl.build(SdkClientException.java:130) ~[sdk-core-2.31.6.jar!/:na]
app-1  | 	at software.amazon.awssdk.awscore.interceptor.HelpfulUnknownHostExceptionInterceptor.modifyException(HelpfulUnknownHostExceptionInterceptor.java:59) ~[aws-core-2.31.6.jar!/:na]
app-1  | 	at software.amazon.awssdk.core.interceptor.ExecutionInterceptorChain.modifyException(ExecutionInterceptorChain.java:181) ~[sdk-core-2.31.6.jar!/:na]
app-1  | 	at software.amazon.awssdk.core.internal.http.pipeline.stages.utils.ExceptionReportingUtils.runModifyException(ExceptionReportingUtils.java:54) ~[sdk-core-2.31.6.jar!/:na]
app-1  | 	at software.amazon.awssdk.core.internal.http.pipeline.stages.utils.ExceptionReportingUtils.reportFailureToInterceptors(ExceptionReportingUtils.java:38) ~[sdk-core-2.31.6.jar!/:na]
app-1  | 	at software.amazon.awssdk.core.internal.http.pipeline.stages.ExecutionFailureExceptionReportingStage.execute(ExecutionFailureExceptionReportingStage.java:39) ~[sdk-core-2.31.6.jar!/:na]
app-1  | 	at software.amazon.awssdk.core.internal.http.pipeline.stages.ExecutionFailureExceptionReportingStage.execute(ExecutionFailureExceptionReportingStage.java:26) ~[sdk-core-2.31.6.jar!/:na]
app-1  | 	at software.amazon.awssdk.core.internal.http.AmazonSyncHttpClient$RequestExecutionBuilderImpl.execute(AmazonSyncHttpClient.java:210) ~[sdk-core-2.31.6.jar!/:na]
app-1  | 	at software.amazon.awssdk.core.internal.handler.BaseSyncClientHandler.invoke(BaseSyncClientHandler.java:103) ~[sdk-core-2.31.6.jar!/:na]
app-1  | 	at software.amazon.awssdk.core.internal.handler.BaseSyncClientHandler.doExecute(BaseSyncClientHandler.java:173) ~[sdk-core-2.31.6.jar!/:na]
app-1  | 	at software.amazon.awssdk.core.internal.handler.BaseSyncClientHandler.lambda$execute$1(BaseSyncClientHandler.java:80) ~[sdk-core-2.31.6.jar!/:na]
app-1  | 	at software.amazon.awssdk.core.internal.handler.BaseSyncClientHandler.measureApiCallSuccess(BaseSyncClientHandler.java:182) ~[sdk-core-2.31.6.jar!/:na]
app-1  | 	at software.amazon.awssdk.core.internal.handler.BaseSyncClientHandler.execute(BaseSyncClientHandler.java:74) ~[sdk-core-2.31.6.jar!/:na]
app-1  | 	at software.amazon.awssdk.core.client.handler.SdkSyncClientHandler.execute(SdkSyncClientHandler.java:45) ~[sdk-core-2.31.6.jar!/:na]
app-1  | 	at software.amazon.awssdk.awscore.client.handler.AwsSyncClientHandler.execute(AwsSyncClientHandler.java:53) ~[aws-core-2.31.6.jar!/:na]
app-1  | 	at software.amazon.awssdk.services.s3.DefaultS3Client.headBucket(DefaultS3Client.java:6818) ~[s3-2.31.6.jar!/:na]
app-1  | 	at software.amazon.awssdk.services.s3.S3Client.headBucket(S3Client.java:12933) ~[s3-2.31.6.jar!/:na]
app-1  | 	at com.prakashstores.storage.MinioStorageService.ensureBucket(MinioStorageService.java:40) ~[!/:0.0.1-SNAPSHOT]
app-1  | 	at java.base/jdk.internal.reflect.NativeMethodAccessorImpl.invoke0(Native Method) ~[na:na]
app-1  | 	at java.base/jdk.internal.reflect.NativeMethodAccessorImpl.invoke(Unknown Source) ~[na:na]
app-1  | 	at java.base/jdk.internal.reflect.DelegatingMethodAccessorImpl.invoke(Unknown Source) ~[na:na]
app-1  | 	at java.base/java.lang.reflect.Method.invoke(Unknown Source) ~[na:na]
app-1  | 	at org.springframework.beans.factory.annotation.InitDestroyAnnotationBeanPostProcessor$LifecycleMethod.invoke(InitDestroyAnnotationBeanPostProcessor.java:453) ~[spring-beans-7.0.8.jar!/:7.0.8]
app-1  | 	at org.springframework.beans.factory.annotation.InitDestroyAnnotationBeanPostProcessor$LifecycleMetadata.invokeInitMethods(InitDestroyAnnotationBeanPostProcessor.java:397) ~[spring-beans-7.0.8.jar!/:7.0.8]
app-1  | 	at org.springframework.beans.factory.annotation.InitDestroyAnnotationBeanPostProcessor.postProcessBeforeInitialization(InitDestroyAnnotationBeanPostProcessor.java:217) ~[spring-beans-7.0.8.jar!/:7.0.8]
app-1  | 	... 55 common frames omitted
app-1  | Caused by: software.amazon.awssdk.core.exception.SdkClientException: Unable to execute HTTP request: minio (SDK Attempt Count: 4)
app-1  | 	at software.amazon.awssdk.core.exception.SdkClientException$BuilderImpl.build(SdkClientException.java:130) ~[sdk-core-2.31.6.jar!/:na]
app-1  | 	at software.amazon.awssdk.core.exception.SdkClientException$BuilderImpl.build(SdkClientException.java:95) ~[sdk-core-2.31.6.jar!/:na]
app-1  | 	at software.amazon.awssdk.core.internal.http.pipeline.stages.utils.RetryableStageHelper.retryPolicyDisallowedRetryException(RetryableStageHelper.java:168) ~[sdk-core-2.31.6.jar!/:na]
app-1  | 	at software.amazon.awssdk.core.internal.http.pipeline.stages.RetryableStage.execute(RetryableStage.java:73) ~[sdk-core-2.31.6.jar!/:na]
app-1  | 	at software.amazon.awssdk.core.internal.http.pipeline.stages.RetryableStage.execute(RetryableStage.java:36) ~[sdk-core-2.31.6.jar!/:na]
app-1  | 	at software.amazon.awssdk.core.internal.http.pipeline.RequestPipelineBuilder$ComposingRequestPipelineStage.execute(RequestPipelineBuilder.java:206) ~[sdk-core-2.31.6.jar!/:na]
app-1  | 	at software.amazon.awssdk.core.internal.http.StreamManagingStage.execute(StreamManagingStage.java:53) ~[sdk-core-2.31.6.jar!/:na]
app-1  | 	at software.amazon.awssdk.core.internal.http.StreamManagingStage.execute(StreamManagingStage.java:35) ~[sdk-core-2.31.6.jar!/:na]
app-1  | 	at software.amazon.awssdk.core.internal.http.pipeline.stages.ApiCallTimeoutTrackingStage.executeWithTimer(ApiCallTimeoutTrackingStage.java:82) ~[sdk-core-2.31.6.jar!/:na]
app-1  | 	at software.amazon.awssdk.core.internal.http.pipeline.stages.ApiCallTimeoutTrackingStage.execute(ApiCallTimeoutTrackingStage.java:62) ~[sdk-core-2.31.6.jar!/:na]
app-1  | 	at software.amazon.awssdk.core.internal.http.pipeline.stages.ApiCallTimeoutTrackingStage.execute(ApiCallTimeoutTrackingStage.java:43) ~[sdk-core-2.31.6.jar!/:na]
app-1  | 	at software.amazon.awssdk.core.internal.http.pipeline.stages.ApiCallMetricCollectionStage.execute(ApiCallMetricCollectionStage.java:50) ~[sdk-core-2.31.6.jar!/:na]
app-1  | 	at software.amazon.awssdk.core.internal.http.pipeline.stages.ApiCallMetricCollectionStage.execute(ApiCallMetricCollectionStage.java:32) ~[sdk-core-2.31.6.jar!/:na]
app-1  | 	at software.amazon.awssdk.core.internal.http.pipeline.RequestPipelineBuilder$ComposingRequestPipelineStage.execute(RequestPipelineBuilder.java:206) ~[sdk-core-2.31.6.jar!/:na]
app-1  | 	at software.amazon.awssdk.core.internal.http.pipeline.RequestPipelineBuilder$ComposingRequestPipelineStage.execute(RequestPipelineBuilder.java:206) ~[sdk-core-2.31.6.jar!/:na]
app-1  | 	at software.amazon.awssdk.core.internal.http.pipeline.stages.ExecutionFailureExceptionReportingStage.execute(ExecutionFailureExceptionReportingStage.java:37) ~[sdk-core-2.31.6.jar!/:na]
app-1  | 	... 74 common frames omitted
app-1  | 	Suppressed: software.amazon.awssdk.core.exception.SdkClientException: Request attempt 1 failure: Unable to execute HTTP request: minio: Name or service not known
app-1  | 	Suppressed: software.amazon.awssdk.core.exception.SdkClientException: Request attempt 2 failure: Unable to execute HTTP request: minio
app-1  | 	Suppressed: software.amazon.awssdk.core.exception.SdkClientException: Request attempt 3 failure: Unable to execute HTTP request: minio
app-1  | Caused by: java.net.UnknownHostException: minio
app-1  | 	at java.base/java.net.InetAddress$CachedAddresses.get(Unknown Source) ~[na:na]
app-1  | 	at java.base/java.net.InetAddress.getAllByName0(Unknown Source) ~[na:na]
app-1  | 	at java.base/java.net.InetAddress.getAllByName(Unknown Source) ~[na:na]
app-1  | 	at java.base/java.net.InetAddress.getAllByName(Unknown Source) ~[na:na]
app-1  | 	at org.apache.http.impl.conn.SystemDefaultDnsResolver.resolve(SystemDefaultDnsResolver.java:45) ~[httpclient-4.5.13.jar!/:4.5.13]
app-1  | 	at org.apache.http.impl.conn.DefaultHttpClientConnectionOperator.connect(DefaultHttpClientConnectionOperator.java:112) ~[httpclient-4.5.13.jar!/:4.5.13]
app-1  | 	at org.apache.http.impl.conn.PoolingHttpClientConnectionManager.connect(PoolingHttpClientConnectionManager.java:376) ~[httpclient-4.5.13.jar!/:4.5.13]
app-1  | 	at software.amazon.awssdk.http.apache.internal.conn.ClientConnectionManagerFactory$DelegatingHttpClientConnectionManager.connect(ClientConnectionManagerFactory.java:86) ~[apache-client-2.31.6.jar!/:na]
app-1  | 	at org.apache.http.impl.execchain.MainClientExec.establishRoute(MainClientExec.java:393) ~[httpclient-4.5.13.jar!/:4.5.13]
app-1  | 	at org.apache.http.impl.execchain.MainClientExec.execute(MainClientExec.java:236) ~[httpclient-4.5.13.jar!/:4.5.13]
app-1  | 	at org.apache.http.impl.execchain.ProtocolExec.execute(ProtocolExec.java:186) ~[httpclient-4.5.13.jar!/:4.5.13]
app-1  | 	at org.apache.http.impl.client.InternalHttpClient.doExecute(InternalHttpClient.java:185) ~[httpclient-4.5.13.jar!/:4.5.13]
app-1  | 	at org.apache.http.impl.client.CloseableHttpClient.execute(CloseableHttpClient.java:83) ~[httpclient-4.5.13.jar!/:4.5.13]
app-1  | 	at org.apache.http.impl.client.CloseableHttpClient.execute(CloseableHttpClient.java:56) ~[httpclient-4.5.13.jar!/:4.5.13]
app-1  | 	at software.amazon.awssdk.http.apache.internal.impl.ApacheSdkHttpClient.execute(ApacheSdkHttpClient.java:72) ~[apache-client-2.31.6.jar!/:na]
app-1  | 	at software.amazon.awssdk.http.apache.ApacheHttpClient.execute(ApacheHttpClient.java:259) ~[apache-client-2.31.6.jar!/:na]
app-1  | 	at software.amazon.awssdk.http.apache.ApacheHttpClient.access$600(ApacheHttpClient.java:104) ~[apache-client-2.31.6.jar!/:na]
app-1  | 	at software.amazon.awssdk.http.apache.ApacheHttpClient$1.call(ApacheHttpClient.java:236) ~[apache-client-2.31.6.jar!/:na]
app-1  | 	at software.amazon.awssdk.http.apache.ApacheHttpClient$1.call(ApacheHttpClient.java:233) ~[apache-client-2.31.6.jar!/:na]
app-1  | 	at software.amazon.awssdk.core.internal.util.MetricUtils.measureDurationUnsafe(MetricUtils.java:102) ~[sdk-core-2.31.6.jar!/:na]
app-1  | 	at software.amazon.awssdk.core.internal.http.pipeline.stages.MakeHttpRequestStage.executeHttpRequest(MakeHttpRequestStage.java:88) ~[sdk-core-2.31.6.jar!/:na]
app-1  | 	at software.amazon.awssdk.core.internal.http.pipeline.stages.MakeHttpRequestStage.execute(MakeHttpRequestStage.java:64) ~[sdk-core-2.31.6.jar!/:na]
app-1  | 	at software.amazon.awssdk.core.internal.http.pipeline.stages.MakeHttpRequestStage.execute(MakeHttpRequestStage.java:46) ~[sdk-core-2.31.6.jar!/:na]
app-1  | 	at software.amazon.awssdk.core.internal.http.pipeline.RequestPipelineBuilder$ComposingRequestPipelineStage.execute(RequestPipelineBuilder.java:206) ~[sdk-core-2.31.6.jar!/:na]
app-1  | 	at software.amazon.awssdk.core.internal.http.pipeline.RequestPipelineBuilder$ComposingRequestPipelineStage.execute(RequestPipelineBuilder.java:206) ~[sdk-core-2.31.6.jar!/:na]
app-1  | 	at software.amazon.awssdk.core.internal.http.pipeline.RequestPipelineBuilder$ComposingRequestPipelineStage.execute(RequestPipelineBuilder.java:206) ~[sdk-core-2.31.6.jar!/:na]
app-1  | 	at software.amazon.awssdk.core.internal.http.pipeline.RequestPipelineBuilder$ComposingRequestPipelineStage.execute(RequestPipelineBuilder.java:206) ~[sdk-core-2.31.6.jar!/:na]
app-1  | 	at software.amazon.awssdk.core.internal.http.pipeline.stages.ApiCallAttemptTimeoutTrackingStage.execute(ApiCallAttemptTimeoutTrackingStage.java:74) ~[sdk-core-2.31.6.jar!/:na]
app-1  | 	at software.amazon.awssdk.core.internal.http.pipeline.stages.ApiCallAttemptTimeoutTrackingStage.execute(ApiCallAttemptTimeoutTrackingStage.java:43) ~[sdk-core-2.31.6.jar!/:na]
app-1  | 	at software.amazon.awssdk.core.internal.http.pipeline.stages.TimeoutExceptionHandlingStage.execute(TimeoutExceptionHandlingStage.java:79) ~[sdk-core-2.31.6.jar!/:na]
app-1  | 	at software.amazon.awssdk.core.internal.http.pipeline.stages.TimeoutExceptionHandlingStage.execute(TimeoutExceptionHandlingStage.java:41) ~[sdk-core-2.31.6.jar!/:na]
app-1  | 	at software.amazon.awssdk.core.internal.http.pipeline.stages.ApiCallAttemptMetricCollectionStage.execute(ApiCallAttemptMetricCollectionStage.java:55) ~[sdk-core-2.31.6.jar!/:na]
app-1  | 	at software.amazon.awssdk.core.internal.http.pipeline.stages.ApiCallAttemptMetricCollectionStage.execute(ApiCallAttemptMetricCollectionStage.java:39) ~[sdk-core-2.31.6.jar!/:na]
app-1  | 	at software.amazon.awssdk.core.internal.http.pipeline.stages.RetryableStage.executeRequest(RetryableStage.java:93) ~[sdk-core-2.31.6.jar!/:na]
app-1  | 	at software.amazon.awssdk.core.internal.http.pipeline.stages.RetryableStage.execute(RetryableStage.java:56) ~[sdk-core-2.31.6.jar!/:na]
app-1  | 	... 86 common frames omitted
app-1  | 

